"codigo";"base_pesquisa";"coordenador";"area_conhecimento_cnpq";"situacao";
"GED239-10";"Ações promocionais e de atenção a grupos humanos em Saúde Mental e Saúde Coletiva";"FRANCISCO ARNOLDO NUNES DE MIRANDA";"Enfermagem";"EM CONSOLIDACÃO";
"GCG111-04";"AGROECOLOGIA E DESENVOLVIMENTO SUSTENTÁVEL NO SEMIÁRIDO (CAATINGUEIROS)";"MAGDA MARIA GUILHERMINO";"Zootecnia";"CONSOLIDADO";
"GCD109-01";"ALIMENTOS, NUTRIÇÃO E SAÚDE";"KARINE CAVALCANTI MAURICIO DE SENA EVANGELISTA";"Nutrição";"CONSOLIDADO";
"GEA282-12";"Alterações morfológicas, modulação farmacêutica e nanomedicina";"RAIMUNDO FERNANDES DE ARAUJO JUNIOR";"Morfologia";"EM CONSOLIDACÃO";
"GEE404-16";"Ambiente, Turismo e Sustentabilidade";"KETTRIN FARIAS BEM MARACAJA";"Turismo";"EM CONSOLIDACÃO";
"GCC055-05";"Análise textual dos discursos em Educação";"JOAO GOMES DA SILVA NETO";"Lingüística, Letras e Artes";"CONSOLIDADO";
"GEI251-10";"Aquicultura Sustentável Nordeste - AquiS - NE";"DARLIO INACIO ALVES TEIXEIRA";"Ciências Agrárias";"EM CONSOLIDACÃO";
"GCB074-90";"ASTROFÍSICA E COSMOLOGIA";"JOSE DIAS DO NASCIMENTO JUNIOR";"Astronomia";"CONSOLIDADO";
"GED258-11";"Atenção à Saúde Infanto Juvenil, Mulher e Homem";"NILBA LIMA DE SOUZA";"Enfermagem";"EM CONSOLIDACÃO";
"GCD107-01";"ATENÇÃO INTEGRAL À SAÚDE DA CRIANÇA E DO ADOLESCENTE";"HELCIO DE SOUSA MARANHAO";"Medicina";"CONSOLIDADO";
"GED277-11";"Atividade Física e Exercício em Populações Especiais";"JONATAS DE FRANÇA BARROS";"Ciências da Saúde";"EM CONSOLIDACÃO";
"GED177-06";"Atividade Física e Saúde";"PAULO MOREIRA SILVA DANTAS";"Educação Física";"EM CONSOLIDACÃO";
"GCG030-00";"AUTOMAÇÃO INDUSTRIAL E CONTROLE DE PROCESSOS";"ALDAYR DANTAS DE ARAUJO";"Engenharia Elétrica";"CONSOLIDADO";
"GED248-10";"Avaliação e Intervenção Fisioterapêutica nos Sistemas Respiratórios e Cardiovascular";"GUILHERME AUGUSTO DE FREITAS FREGONEZI";"Fisioterapia e Terapia Ocupacional";"EM CONSOLIDACÃO";
"GCE037-00";"BASE DE ESTUDOS E PESQUISAS EM ESTRATÉGIAS E POLÍTICAS DE GESTÃO";"MIGUEL EDUARDO MORENO ANEZ";"Ciências Sociais Aplicadas";"CONSOLIDADO";
"GCA008-90";"BASE DE PESQUISA: ECOLOGIA E AQÜICULTURA DOS SERES AQUÁTICOS - RN";"SATHYABAMA CHELLAPPA";"Ciências Biológicas";"CONSOLIDADO";
"GCD069-00";"BASE DE PESQUISA EM CIRURGIA EXPERIMENTAL";"ALDO DA CUNHA MEDEIROS";"Ciências da Saúde";"CONSOLIDADO";
"GCC163-06";"Base de Pesquisa em Estudos Urbanos e Regionais";"RITA DE CASSIA DA CONCEICAO GOMES";"Ciências Humanas";"CONSOLIDADO";
"GCB085-87";"BASE DE PESQUISA EM GEODINÂMICA";"ZORANO SERGIO DE SOUZA";"Ciências Exatas e da Terra";"CONSOLIDADO";
"GCB086-87";"BASE DE PESQUISA EM GEOFÍSICA";"JOSE WILSON DE PAIVA MACEDO";"Ciências Exatas e da Terra";"CONSOLIDADO";
"GCB153-04";"Base de Pesquisa em Métodos Estatísticos";"ARTUR JOSE LEMONTE";"Probabilidade e Estatística";"CONSOLIDADO";
"GCG023-94";"BASE DE PESQUISA EM TECNOLOGIA DE ALIMENTOS";"ROBERTA TARGINO PINTO CORREIA";"Ciências Agrárias";"CONSOLIDADO";
"GCE045-98";"Base de Pesquisa Estudos Histórico-Educacionais";"MARTA MARIA DE ARAUJO";"Educação";"CONSOLIDADO";
"GCC131-02";"BASE DE PESQUISA FORMAÇÃO DA LITERATURA BRASILEIRA";"MARCOS FALCHERO FALLEIROS";"Lingüística, Letras e Artes";"CONSOLIDADO";
"GCF013-00";"BASE DE PESQUISA SEMI-ÁRIDO: NATUREZA, HISTÓRIA E SOCIEDADE";"DOUGLAS ARAUJO";"Ciências Humanas";"CONSOLIDADO";
"GCE044-00";"BASE DE PESQUISA SOBRE EDUCAÇÃO DE PESSOAS COM NECESSIDADES ESPECIAIS";"LUCIA DE ARAUJO RAMOS MARTINS";"Ciências Humanas";"CONSOLIDADO";
"GEE178-05";"Base Interdisciplinar de Pesquisa em Turismo e Sociedade";"MARIA APARECIDA PONTES DA FONSECA";"Ciências Sociais Aplicadas";"EM CONSOLIDACÃO";
"GCD071-00";"BIOANÁLISES";"TEREZA MARIA DANTAS DE MEDEIROS";"Farmácia";"CONSOLIDADO";
"GEA224-09";"BIOLOGIA CRANIOFACIAL";"CARLOS AUGUSTO GALVAO BARBOZA";"Odontologia";"EM CONSOLIDACÃO";
"GCA011-04";"BIOLOGIA DO CANCER E DE DOENÇAS INFECCIOSAS";"ROSELY DE VASCONCELLOS MEISSNER";"Ciências Biológicas";"CONSOLIDADO";
"GCA007-95";"Biologia e Imunologia de Doenças Infecciosas e Tropicais";"SELMA MARIA BEZERRA JERONIMO";"Ciências Biológicas";"CONSOLIDADO";
"GCA005-93";"BIOQUÍMICA DA NUTRIÇÃO";"JACIRA MARIA ANDRADE DE SOUSA";"Ciências Biológicas";"CONSOLIDADO";
"GEC272-11";"Bioquímica dos Alimentos e da Nutrição";"KARLA DANIELLY DA SILVA RIBEIRO RODRIGUES";"Bioquímica";"EM CONSOLIDACÃO";
"GEG308-13";"Boas práticas ambientais aplicadas à indústria têxtil";"IRAN MARQUES DE LIMA";"Engenharia de Materiais e Metalúrgica";"EM CONSOLIDACÃO";
"GCB135-02";"CADEIAS DE MARKOV";"ANDRE GUSTAVO CAMPOS PEREIRA";"Probabilidade e Estatística";"CONSOLIDADO";
"GCD066-94";"Caleidoscópio da Educação em Enfermagem";"SORAYA MARIA DE MEDEIROS";"Enfermagem";"CONSOLIDADO";
"GEG440-17";"CANTEIRO - Tecnologia e Gestão da Construção";"REYMARD SAVIO SAMPAIO DE MELO";"Engenharia Civil";"EM CONSOLIDACÃO";
"GEC198-08";"CARTOGRAFIAS CONTEMPORÂNEAS: HISTÓRIA, ESPAÇOS, PRODUÇÃO DE SUBJETIVIDADES E PRÁTICAS INSTITUCIONAIS";"DURVAL MUNIZ DE ALBUQUERQUE JUNIOR";"Ciências Humanas";"EM CONSOLIDACÃO";
"GEE426-17";"Ciberpublicidade e sociabilidades digitais";"FERNANDA ARIANE SILVA CARRERA";"Comunicação";"EM CONSOLIDACÃO";
"GCB157-04";"Ciências do Mar e Ambientais";"HELENICE VITAL";"Ciências Exatas e da Terra";"CONSOLIDADO";
"GCD110-01";"CIÊNCIAS EM CLÍNICAS ODONTOLÓGICAS";"SUHEM LAUAR";"Ciências da Saúde";"CONSOLIDADO";
"GEA176-06";"Ciências Morfológicas";"SERGIO ADRIANE BEZERRA DE MOURA";"Morfologia";"EM CONSOLIDACÃO";
"GEC307-13";"Círculo de Estudos em Cultura Visual";"ADRIANO CHARLES DA SILVA CRUZ";"Comunicação";"EM CONSOLIDACÃO";
"GEB209-09";"Clima, Ambiente, Saúde e Educação";"PAULO SERGIO LUCIO";"Probabilidade e Estatística";"EM CONSOLIDACÃO";
"GEC217-09";"Cognição e Práticas Discursivas";"PAULO HENRIQUE DUQUE";"Lingüística";"EM CONSOLIDACÃO";
"GCC132-02";"COMUNICAÇÃO, CULTURA  E MÍDIA";"ADRIANO LOPES GOMES";"Sociologia";"CONSOLIDADO";
"GEF253-10";"Comunicação, Processamento e Análise da Informação";"JOAO PAULO DE SOUZA MEDEIROS";"Ciências Exatas e da Terra";"EM CONSOLIDACÃO";
"GCG161-05";"CONFORTO AMBIENTAL E EFICIÊNCIA ENERGÉTICA";"VIRGINIA MARIA DANTAS DE ARAUJO";"Engenharias";"CONSOLIDADO";
"GCB089-98";"ConSiste: CONCEPÇÃO DE SISTEMAS DE COMPUTAÇÃO";"THAIS VASCONCELOS BATISTA";"Ciências Exatas e da Terra";"CONSOLIDADO";
"GEE341-10";"CONSTITUIÇÃO FEDERAL BRASILEIRA E SUA CONCRETIZAÇÃO PELA JUSTIÇA CONSTITUCIONAL";"LEONARDO MARTINS";"Direito";"EM CONSOLIDACÃO";
"GEE299-12";"Contabilidade e Avaliação Econômica e Financeira de Políticas Públicas";"ALEXANDRO BARBOSA";"Administração";"EM CONSOLIDACÃO";
"GEN415-16";"CONTAR - GRUPO DE PESQUISA EM ENSINO DE MATEMÁTICA E LÍNGUA PORTUGUESA";"CLAUDIANNY AMORIM NORONHA";"Educação";"EM CONSOLIDACÃO";
"GCB145-03";"CONTROLADORIA E GESTÃO DE TI";"VICTOR BRANCO DE HOLANDA";"Ciências Exatas e da Terra";"CONSOLIDADO";
"GCG017-00";"CONTROLE E ACIONAMENTO DE SISTEMAS";"ANDRÉ LAURINDO MAITELLI";"Engenharias";"CONSOLIDADO";
"GEF406-16";"Corpo: práticas e discursos";"MUIRAKYTAN KENNEDY DE MACEDO";"História";"EM CONSOLIDACÃO";
"GCE043-00";"CORPOREIDADE, TRANSDISCIPLINARIDADE E SAÚDE - ECOTRANS";"ANA TANIA LOPES SAMPAIO";"Saúde Coletiva";"CONSOLIDADO";
"GEG351-14";"CRIAÇÃO - Ciratividade e Inovação de Produtos e Processos";"MARIO ORESTES AGUIRRE GONZALEZ";"Engenharia de Produção";"EM CONSOLIDACÃO";
"GCE101-00";"Crianças, Infâncias, Cultura e Educação";"DENISE MARIA DE CARVALHO LOPES";"Educação";"CONSOLIDADO";
"GEC260-11";"Crítica integrativa: estudos de literatura e sociedade";"ANDREY PEREIRA DE OLIVEIRA";"Lingüística, Letras e Artes";"EM CONSOLIDACÃO";
"GED408-16";"CUIDADOS COM A SAÚDE FEMININA E MATERNO-INFANTIL NA MATERNIDADE JANUÁRIO CICCO.";"JANAINA CRISTIANA DE OLIVEIRA CRISPIM FREITAS";"Medicina";"EM CONSOLIDACÃO";
"GED402-16";"Cuidados em saúde, Tecnologia e Educação em Saúde";"MARIA ALZETE DE LIMA";"Enfermagem";"EM CONSOLIDACÃO";
"GCF121-01";"CULTURA E EDUCAÇÃO NO SERIDÓ NORTE-RIO-GRANDENSE";"EVA CRISTINI ARRUDA CAMARA BARROS";"Ciências Sociais Aplicadas";"CONSOLIDADO";
"GCC053-93";"CULTURA, IDENTIDADE E REPRESENTAÇÕES SIMBÓLICAS - CIRS";"JULIANA GONCALVES MELO";"Sociologia";"CONSOLIDADO";
"GCC052-00";"CULTURA, POLÍTICA E EDUCAÇÃO";"JOSE ANTONIO SPINELI LINDOZO";"Sociologia";"CONSOLIDADO";
"GCE036-98";"CURRICULO, SABERES E PRÁTICAS EDUCATIVAS";"MARCIA MARIA GURGEL RIBEIRO";"Educação";"CONSOLIDADO";
"GEJ250-10";"Democracia e Gênero em Ciência e Tecnologia";"CARLA GIOVANA CABRAL";"Educação";"EM CONSOLIDACÃO";
"GCD070-00";"DESENVOLVIMENTO DE MEDICAMENTOS";"ERYVALDO SOCRATES TABOSA DO EGITO";"Farmácia";"CONSOLIDADO";
"GED195-07";"DESENVOLVIMENTO HUMANO E FISIOTERAPIA";"ELIZABEL DE SOUZA RAMALHO VIANA";"Ciências da Saúde";"EM CONSOLIDACÃO";
"GCE154-04";"DIALOGICIDADE, EDUCAÇÃO DE JOVENS E ADULTOS E PRÁTICAS CULTURAIS";"ALESSANDRO AUGUSTO DE AZEVEDO";"Educação";"CONSOLIDADO";
"GEE331-13";"DIREITO ADMINISTRATIVO BRASILEIRO";"VLADIMIR DA ROCHA FRANCA";"Direito";"EM CONSOLIDACÃO";
"GEE329-13";"Direito e Desenvolvimento";"PATRICIA BORBA VILAR GUIMARAES";"Direito";"EM CONSOLIDACÃO";
"GEE184-06";"DIREITO E REGULAÇÃO DOS RECURSOS NATURAIS E DA ENERGIA";"YANKO MARCIUS DE ALENCAR XAVIER";"Ciências Sociais Aplicadas";"EM CONSOLIDACÃO";
"GCE050-97";"DIREITO, ESTADO E SOCIEDADE";"MARIA DOS REMEDIOS FONTES SILVA";"Ciências Sociais Aplicadas";"CONSOLIDADO";
"GEE221-09";"DIREITO INTERNACIONAL E SOBERANIA DO ESTADO BRASILEIRO: PERSPECTIVAS REGIONAL E UNIVERSAL";"JAHYR PHILIPPE BICHARA";"Direito";"EM CONSOLIDACÃO";
"GEF436-17";"Direitos Fundamentais e Desenvolvimento Social";"FABRICIO GERMANO ALVES";"Direito";"EM CONSOLIDACÃO";
"GEE363-14";"DIREITOS SOCIAIS E CONTEMPORANEIDADE";"ZEU PALMEIRA SOBRINHO";"Direito";"EM CONSOLIDACÃO";
"GCC057-93";"DISCURSO E GRAMÁTICA";"MARIA ANGELICA FURTADO DA CUNHA";"Lingüística";"CONSOLIDADO";
"GCD228-05";"DOENÇAS CRÔNICO-DEGENERATIVAS";"JOSE BRANDAO NETO";"Medicina";"CONSOLIDADO";
"GED448-17";"Doenças do Sistema Linfo- hematopoético";"GERALDO BARROSO CAVALCANTI JUNIOR";"Medicina";"EM CONSOLIDACÃO";
"GEC313-13";"ECOAR - Design, Inovação e Sustentabilidade";"CRISTIANO ALVES DA SILVA";"Desenho Industrial";"EM CONSOLIDACÃO";
"GEA356-14";"Ecologia da Restauração";"GISLENE MARIA DA SILVA GANADE";"Ecologia";"EM CONSOLIDACÃO";
"GEA343-13";"Ecologia de Paisagens Acústicas";"RENATA SANTORO DE SOUSA LIMA MOBLEY";"Ecologia";"EM CONSOLIDACÃO";
"GEA353-14";"Ecologia de Populações e Comunidades Vegetais Neotropicais";"ALEXANDRE FADIGAS DE SOUZA";"Ecologia";"EM CONSOLIDACÃO";
"GEA173-06";"Ecologia e Microbiologia de Ecossistemas aquáticos";"RENATA DE FÁTIMA PANOSSO";"Ciências Biológicas";"EM CONSOLIDACÃO";
"GEA247-10";"Ecologia Evolução de Vertebrados";"ADRIAN ANTONIO GARDA";"Ciências Biológicas";"EM CONSOLIDACÃO";
"GEA355-14";"Ecologia Sensorial";"DANIEL MARQUES DE ALMEIDA PESSOA";"Zoologia";"EM CONSOLIDACÃO";
"GEE441-17";"Ecomsul: Epistemologias e Práticas Emergentes e Transformadoras em Comunicação, Mídias e Cultura";"ITAMAR DE MORAIS NOBRE";"Comunicação";"EM CONSOLIDACÃO";
"GCE115-00";"ECOPEDAGOGIA E ARTETERAPIA: EDUCAÇÃO, SAÚDE E QUALIDADE DE VIDA";"NISIA FLORESTA BRASILEIRA AUGUSTA DE PAULA E SOUSA";"Ciências Sociais Aplicadas";"CONSOLIDADO";
"GCE092-00";"ECOS - Escola Contemporânea e Olhar Sociológico";"ADIR LUIZ FERREIRA";"Educação";"CONSOLIDADO";
"GEA348-13";"Educação em biologia";"MAGNOLIA FERNANDES FLORENCIO DE ARAUJO";"Biologia Geral";"EM CONSOLIDACÃO";
"GEG304-13";"Eletrônica de Potência e Energias Renováveis";"RICARDO LUCIO DE ARAUJO RIBEIRO";"Engenharia Elétrica";"EM CONSOLIDACÃO";
"GCB083-98";"ELETROQUÍMICA E CORROSÃO";"MARIA GORETTE CAVALCANTE";"Ciências Exatas e da Terra";"CONSOLIDADO";
"GEG218-09";"ENERGIA ALTERNATIVA E FENÔMENOS DE TRANSPORTE";"EDSON LEANDRO DE OLIVEIRA";"Engenharias";"EM CONSOLIDACÃO";
"GEG289-11";"Energia e Ambiente";"GEORGE SANTOS MARINHO";"Engenharia Mecânica";"EM CONSOLIDACÃO";
"GCD108-01";"ENFERMAGEM CLÍNICA";"GLAUCEA MACIEL DE FARIAS";"Ciências da Saúde";"CONSOLIDADO";
"GCG027-00";"ENGENHARIA DA MOBILIDADE";"CLEITON RUBENS FORMIGA BARBOSA";"Engenharias";"CONSOLIDADO";
"GCG152-04";"Engenharia de Bioprocessos";"EVERALDO SILVINO DOS SANTOS";"Engenharias";"CONSOLIDADO";
"GCG033-00";"ENGENHARIA DE CUSTOS E PROCESSOS";"PAGANDAI VAITHIANATHAN PANNIR SELVAM";"Engenharias";"CONSOLIDADO";
"GEG400-16";"Engenharia de Operações, Otimização e Inovação Organizacional";"HERBERT RICARDO GARCIA VIANA";"Engenharia de Produção";"EM CONSOLIDACÃO";
"GEG442-17";"Engenharia Econômica e Gestão Estratégica de Custos - EEGEC";"JESUS LEODALY SALAZAR ARAMAYO";"Engenharia de Produção";"EM CONSOLIDACÃO";
"GEC206-08";"ENSINO DE CIÊNCIAS E CULTURA";"ANDRE FERRER PINTO MARTINS";"Ciências Sociais Aplicadas";"EM CONSOLIDACÃO";
"GCB134-02";"ENSINO DE FÍSICA E DE ASTRONOMIA";"CICLAMIO LEITE BARRETO";"Ciências Exatas e da Terra";"CONSOLIDADO";
"GEC420-16";"Ensino de literatura estrangeira: perspectivas diversas";"ORISON MARDEN BANDEIRA DE MELO JUNIOR";"Letras";"EM CONSOLIDACÃO";
"GCE039-90";"ENSINO E LINGUAGEM";"MARLY AMARILHA";"Educação";"CONSOLIDADO";
"GEA255-10";"Entomologia Médica e Veterinária";"MARIA DE FATIMA FREIRE DE MELO XIMENES";"Biologia Geral";"EM CONSOLIDACÃO";
"GEG347-13";"EÓLICA E SOLAR - INOVACÃO EM MATERIAIS, EQUIPAMENTOS E GESTÃO";"MARCIANO FURUKAVA";"Engenharia de Materiais e Metalúrgica";"EM CONSOLIDACÃO";
"GED188-07";"EPIDEMIOLOGIA E DIAGNÓSTICO EM DOENÇAS INFECCIOSAS E TROPICAIS";"EVELINE PIPOLO MILAN";"Ciências da Saúde";"EM CONSOLIDACÃO";
"GEC225-09";"Ergodesign e Interação Humano-Computador";"JOSE GUILHERME DA SILVA SANTA ROSA";"Desenho Industrial";"EM CONSOLIDACÃO";
"GEC432-17";"Escritor Plural: estudos pluridisciplinares da obra de Roland Barthes";"MARCIO VENICIO BARBOSA";"Letras";"EM CONSOLIDACÃO";
"GEE382-15";"ESCRITUR - ESTUDOS CRÍTICOS EM TURISMO";"ROSANA MARA MAZARO";"Turismo";"EM CONSOLIDACÃO";
"GEC292-12";"Espaços, Poder e Práticas Sociais";"FRANCISCO DAS CHAGAS FERNANDES SANTIAGO JUNIOR";"História";"EM CONSOLIDACÃO";
"GCB082-00";"ESPECTROSCOPIA ELETRÔNICA DE COMPOSTOS DE COORDENAÇÃO E MATERIAIS INORGÂNICOS";"FRANCISCO JOSE SANTOS LIMA";"Ciências Exatas e da Terra";"CONSOLIDADO";
"GEC234-10";"ESTABILIDADE, VARIAÇÃO E MUDANÇA LINGUÍSTICA";"MARIA ALICE TAVARES";"Lingüística";"EM CONSOLIDACÃO";
"GCC061-99";"ESTADO E POLÍTICAS PÚBLICAS";"LINDIJANE DE SOUZA BENTO ALMEIDA";"Ciência Política";"CONSOLIDADO";
"GED303-13";"ESTESIA- GRUPO DE PESQUISA CORPO,  FENOMENOLOGIA E MOVIMENTO";"TEREZINHA PETRUCIA DA NOBREGA";"Educação Física";"EM CONSOLIDACÃO";
"GCG139-02";"ESTRATÉGIA E GESTÃO DE OPERAÇÕES DE NEGÓCIOS";"RUBENS EUGENIO BARRETO RAMOS";"Engenharias";"CONSOLIDADO";
"GEG317-13";"Estratégias em Serviços Hospitalares e Inovação em Saúde - ESHIS";"HELIO ROBERTO HEKIS";"Engenharia de Produção";"EM CONSOLIDACÃO";
"GEA193-07";"ESTRESSES AMBIENTAIS EM PLANTAS E APLICAÇÕES BIOTECNOLOGICAS";"CRISTIANE ELIZABETH COSTA DE MACEDO";"Ciências Biológicas";"EM CONSOLIDACÃO";
"GEC378-15";"ESTÚDIO CONCEITO - arquitetura, urbanismo, planejamento urbano e estudos urbanos";"MARCIO MORAES VALENCA";"Planejamento Urbano e Regional";"EM CONSOLIDACÃO";
"GCA012-00";"ESTUDO DA BIOLOGIA, ECOLOGIA E GENÉTICA DAS MOSCAS DAS FRUTAS";"JOAO MARIA GOMES ALENCAR DE SOUZA";"Agronomia";"CONSOLIDADO";
"GEP325-13";"Estudo de mecanismos de integração dos sistemas neuroendocrinoimunes na saúde e na doença";"MARIA BERNARDETE CORDEIRO DE SOUSA";"Medicina";"EM CONSOLIDACÃO";
"GEE370-15";"Estudos Avançados em Comunicação Organizacional - ECO";"JOSE ZILMAR ALVES DA COSTA";"Comunicação";"EM CONSOLIDACÃO";
"GEG233-10";"Estudos Avançados em Petróleo e Gás Natural";"WILSON DA MATA";"Engenharias";"EM CONSOLIDACÃO";
"GEE196-07";"Estudos Avançados para a Sustentabilidade";"ANEIDE OLIVEIRA ARAUJO";"Administração";"CONSOLIDADO";
"GCG028-00";"ESTUDOS CONTEMPORÂNEOS DO HABITAT - ECOHabitat";"AMADJA HENRIQUE BORGES";"Arquitetura e Urbanismo";"CONSOLIDADO";
"GCC065-00";"ESTUDOS DA MODERNIDADE: PROCESSOS DE FORMAÇÃO CULTURAL";"DERIVALDO DOS SANTOS";"Lingüística";"CONSOLIDADO";
"GCD150-03";"ESTUDOS DA VIDA: HOMEM, NATUREZA E SOCIEDADE";"JOAO ROBERTO LIPAROTTI";"Ciências da Saúde";"CONSOLIDADO";
"GCA001-92";"ESTUDOS DO COMPORTAMENTO";"ARRILTON ARAUJO DE SOUZA";"Biologia Geral";"CONSOLIDADO";
"GEL403-16";"Estudos em comportamento, alimentos e nutrição";"ANNA CECILIA QUEIROZ DE MEDEIROS";"Multidisciplinar";"EM CONSOLIDACÃO";
"GCA102-00";"ESTUDOS EM CULTURA DE TECIDOS VEGETAIS";"MAGDI AHMED IBRAHIM ALOUFA";"Ciências Biológicas";"CONSOLIDADO";
"GEE312-13";"ESTUDOS EM FILOSOFIA, CIÊNCIA, TECNOLOGIA E SOCIEDADE";"ANGELA LUZIA MIRANDA";"Filosofia";"EM CONSOLIDACÃO";
"GCE130-02";"ESTUDOS E PESQUISA EM MEIOS DE COMUNICAÇÃO E EDUCAÇÃO - COMBASE";"ANGELA MARIA DE ALMEIDA";"Ciências Sociais Aplicadas";"CONSOLIDADO";
"GCC059-00";"ESTUDOS GEOAMBIENTAIS";"FERNANDO MOREIRA DA SILVA";"Ciências Humanas";"CONSOLIDADO";
"GEE416-16";"Estudos Organizacionais em Gestão de Projetos";"MANOEL VERAS DE SOUSA NETO";"Administração";"EM CONSOLIDACÃO";
"GED339-13";"Estudos relacionados a cirurgia do aparelho digestivo";"JOSE ROBERTO ALVES";"Medicina";"EM CONSOLIDACÃO";
"GCG133-02";"ESTUDOS SOBRE POLUIÇÃO AMBIENTAL (EPA)";"KARINA PATRICIA VIEIRA DA CUNHA";"Engenharia Sanitária";"CONSOLIDADO";
"GEE311-13";"Ética na Administração";"ANA PATRICIA RODRIGUES LEITE";"Administração";"EM CONSOLIDACÃO";
"GEC281-12";"Etnologia, Tradição, Ambiente e Pesca Artesanal - ETAPA";"FRANCISCA DE SOUZA MILLER";"Antropologia";"EM CONSOLIDACÃO";
"GED286-12";"Evidências Científicas em Cirurgia e Traumatologia";"ADRIANO ROCHA GERMANO";"Odontologia";"EM CONSOLIDACÃO";
"GCE142-03";"EXCLUSÃO SOCIAL, SAÚDE E CIDADANIA";"JOAO DANTAS PEREIRA";"Serviço Social";"CONSOLIDADO";
"GEC287-12";"Festas, Identidades e Territorialidades";"ALESSANDRO DOZENA";"História";"EM CONSOLIDACÃO";
"GEC444-17";"Filologia, Língua e Literatura Antigas (FILIA)";"MARCOS CESAR TINDO BARBOSA";"Letras";"EM CONSOLIDACÃO";
"GEE256-10";"FINANÇAS";"VINICIO DE SOUZA E ALMEIDA";"Ciências Sociais Aplicadas";"EM CONSOLIDACÃO";
"GEJ269-11";"Física de Partículas Elementares e Campos";"JOSINALDO MENEZES DA SILVA";"Ciências Exatas e da Terra";"EM CONSOLIDACÃO";
"GCB140-02";"FÍSICA DOS QUASI-CRISTAIS";"EUDENILSON LINS DE ALBUQUERQUE";"Ciências Exatas e da Terra";"CONSOLIDADO";
"GCB100-00";"FÍSICA ESTATÍSTICA DE SISTEMAS COOPERATIVOS";"ANANIAS MONTEIRO MARIZ";"Ciências Exatas e da Terra";"CONSOLIDADO";
"GCB076-00";"FÍSICA, ESTATÍSTICA, POLÍMEROS E SIMULAÇÕES";"LIACIR DOS SANTOS LUCENA";"Ciências Exatas e da Terra";"CONSOLIDADO";
"GEI249-10";"Florestas. Bioenergia e Meio Ambiente";"JOSE AUGUSTO DA SILVA SANTANA";"Ciências Agrárias";"EM CONSOLIDACÃO";
"GCC116-01";"FORMAÇÃO DOS ESPAÇOS COLONIAIS: ECONOMIA, SOCIEDADE E CULTURA";"LIGIO JOSE DE OLIVEIRA MAIA";"História";"CONSOLIDADO";
"GCE040-00";"FORMAÇÃO E PROFISSIONALIZAÇÃO DOCENTE";"BETANIA LEITE RAMALHO";"Ciências Humanas";"CONSOLIDADO";
"GEB210-09";"FORMAL METHODS AND LANGUAGES RESEARCH LABORATORY";"UMBERTO SOUZA DA COSTA";"Ciência da Computação";"EM CONSOLIDACÃO";
"GCE049-01";"FUNDAMENTOS DA EDUCAÇÃO E  PRÁTICAS CULTURAIS";"ANTONIO BASILIO NOVAES THOMAZ DE MENEZES";"Filosofia";"CONSOLIDADO";
"GCB079-00";"GCM - Grupo de Catálise e Petroquímica";"ANTONIO SOUZA DE ARAUJO";"Química";"CONSOLIDADO";
"GEI401-16";"GEFOR - Grupo de Estudos em Forragicultura";"GELSON DOS SANTOS DIFANTE";"Zootecnia";"EM CONSOLIDACÃO";
"GCC144-03";"GEMINI - Grupo de Estudos de Mídia - Análises e Pesquisas em Cultura, Processos e Produtos Midiáticos";"MARIA DAS GRACAS PINTO COELHO";"Comunicação";"CONSOLIDADO";
"GEC179-06";"GÊNERO, CORPO E SEXUALIDADE";"ELISETE SCHWADE";"Antropologia";"EM CONSOLIDACÃO";
"GCE046-98";"GÊNERO E PRÁTICAS CULTURAIS: ABORDAGENS HISTÓRICAS, EDUCATIVAS E LITERÁRIAS";"MARIA ARISNETE CAMARA DE MORAIS";"Ciências Humanas";"CONSOLIDADO";
"GCG029-02";"GÊNERO, PLANEJAMENTO, MEIO AMBIENTE E DESENVOLVIMENTO";"FRANCOISE DOMINIQUE VALERY";"Planejamento Urbano e Regional";"CONSOLIDADO";
"GCA010-97";"GENÉTICA DE RECURSOS MARINHOS";"WAGNER FRANCO MOLINA";"Ciências Biológicas";"CONSOLIDADO";
"GCA009-95";"GENÉTICA E BIOLOGIA MOLECULAR";"LUCYMARA FASSARELLA AGNEZ";"Ciências Biológicas";"CONSOLIDADO";
"GEB364-14";"Geoecologia e Biogeografia de Ambientes Tropicais";"DIOGENES FELIX DA SILVA COSTA";"Geociências";"EM CONSOLIDACÃO";
"GEF443-17";"Geoecologia e recursos naturais";"RENATO DE MEDEIROS ROCHA";"Geociências";"EM CONSOLIDACÃO";
"GCB098-97";"Geologia Sedimentar e Neotectônica";"MARCELA MARQUES VIEIRA";"Ciências Exatas e da Terra";"CONSOLIDADO";
"GEC291-12";"GEORISCO - Dinâmicas ambientais, riscos e ordenamento do território";"LUTIANE QUEIROZ DE ALMEIDA";"Geografia";"EM CONSOLIDACÃO";
"GCG020-95";"GEOTECNIA, USOS DO SOLO E MEIO AMBIENTE";"OLAVO FRANCISCO DOS SANTOS JUNIOR";"Engenharias";"CONSOLIDADO";
"GEE332-13";"GEPPOT  GRUPO DE PESQUISA EM PLANEJAMENTO E ORGANIZAÇÃO DO TURISMO";"WILKER RICARDO DE MENDONCA NOBREGA";"Turismo";"EM CONSOLIDACÃO";
"GCE138-02";"GESTÃO DE SISTEMAS E TECNOLOGIAS DE INFORMAÇÃO";"ANATALIA SARAIVA MARTINS RAMOS";"Ciências Sociais Aplicadas";"CONSOLIDADO";
"GED319-13";"GESTÃO, EDUCAÇÃO, TRABALHO E SAÚDE";"JANETE LIMA DE CASTRO";"Saúde Coletiva";"EM CONSOLIDACÃO";
"GEF257-10";"Gestão Territorial, Sistemas de informação e Cartografia Digital";"RENATO DE MEDEIROS ROCHA";"Geociências";"EM CONSOLIDACÃO";
"GEF284-12";"Gestão, Turismo e Políticas Públicas - GEPOLISTUR";"ANDREA CRISTINA SANTOS DE JESUS";"Administração";"EM CONSOLIDACÃO";
"GCA006-00";"GLICOCONJUGADOS: ESTRUTURA E ATIVIDADES FARMACOLÓGICAS";"HUGO ALEXANDRE DE OLIVEIRA ROCHA";"Ciências Biológicas";"CONSOLIDADO";
"GEF379-15";"GPJr - GRUPO DE PESQUISA JÚNIOR DO SERIDÓ";"MARCELO HENRIQUE NEVES PEREIRA";"Administração";"EM CONSOLIDACÃO";
"GEG274-11";"GppCom - Grupo de Pesquisa em Prototipagem Rápida de Soluções para Comunicação";"VICENTE ANGELO DE SOUSA JUNIOR";"Engenharia Elétrica";"EM CONSOLIDACÃO";
"GEH205-08";"GRUMUS";"TAMAR GENZ GAULKE";"Artes";"EM CONSOLIDACÃO";
"GEG192-07";"Grupo de Estudo em Estruturas e Materiais de Construção";"JOEL ARAUJO DO NASCIMENTO NETO";"Engenharias";"EM CONSOLIDACÃO";
"GCD068-00";"GRUPO DE ESTUDO EM SAÚDE BUCAL";"MARIA ANGELA FERNANDES FERREIRA";"Ciências da Saúde";"CONSOLIDADO";
"GED237-10";"GRUPO DE ESTUDO E PESQUISA EM BIOLOGIA INTEGRATIVA DO EXERCÍCIO";"ALEXANDRE HIDEKI OKANO";"Educação Física";"EM CONSOLIDACÃO";
"GED373-15";"Grupo de Estudo e Pesquisa em Fisiologia do Crescimento, desenvolvimento e desempenho motor";"ARNALDO LUIS MORTATTI";"Educação Física";"EM CONSOLIDACÃO";
"GCC124-94";"GRUPO DE ESTUDOS DA COMPLEXIDADE-GRECOM";"MARIA DA CONCEICAO XAVIER DE ALMEIDA";"Ciências Sociais Aplicadas";"CONSOLIDADO";
"GEI407-16";"Grupo de Estudos da Salinidade no Semiárido Nordestino";"ROBSON ALEXSANDRO DE SOUSA";"Engenharia Agrícola";"EM CONSOLIDACÃO";
"GEE388-16";"GRUPO DE ESTUDOS DE DIREITO DA INTERNET - GEDI";"MARIANA DE SIQUEIRA";"Direito";"EM CONSOLIDACÃO";
"GCB099-93";"GRUPO DE ESTUDOS DEMOGRÁFICOS";"MARIA CELIA DE CARVALHO FORMIGA";"Ciências Sociais Aplicadas";"CONSOLIDADO";
"GCE123-94";"GRUPO DE ESTUDOS DE PRÁTICAS EDUCATIVAS EM MOVIMENTO-GEPEM";"MARTA MARIA CASTANHO ALMEIDA PERNAMBUCO";"Ciências Sociais Aplicadas";"CONSOLIDADO";
"GCG158-05";"GRUPO DE ESTUDOS DE TRIBOLOGIA E INTEGRIDADE ESTRUTURAL";"JOAO TELESFORO NOBREGA DE MEDEIROS";"Engenharia Mecânica";"CONSOLIDADO";
"GEE223-09";"GRUPO DE ESTUDOS EM ECONOMIA POLÍTICA DO DESENVOLVIMENTO ECONÔMICO - GEEPD";"MARCIA MARIA DE OLIVEIRA BEZERRA";"Ciências Sociais Aplicadas";"EM CONSOLIDACÃO";
"GEE365-14";"Grupo de Estudos em Gestão do Turismo";"LUIZ AUGUSTO MACHADO MENDES FILHO";"Turismo";"EM CONSOLIDACÃO";
"GEE310-13";"Grupo de Estudos em Gestão e Economia da Educação (GEGEE)";"LUCIANO MENEZES BEZERRA SAMPAIO";"Administração";"EM CONSOLIDACÃO";
"GEL294-12";"Grupo de Estudos em Metabolismo, Exercício e Nutrição";"ANA PAULA TRUSSARDI FAYH";"Nutrição";"EM CONSOLIDACÃO";
"GCC096-00";"GRUPO DE ESTUDOS EM METAFÍSICA E TRADIÇÃO";"OSCAR FEDERICO BAUCHWITZ";"Ciências Humanas";"CONSOLIDADO";
"GCD097-98";"GRUPO DE ESTUDOS EM SAÚDE COLETIVA";"SEVERINA ALICE DA COSTA UCHOA";"Ciências da Saúde";"CONSOLIDADO";
"GEI422-16";"GRUPO DE ESTUDOS EM SEMENTES FLORESTAIS - GESFLOR";"MAURO VASCONCELOS PACHECO";"Recursos Florestais e Engenharia Florestal";"EM CONSOLIDACÃO";
"GEG427-17";"Grupo de Estudos em Solidificação de Metais e Ligas";"BISMARCK LUIZ SILVA";"Engenharia de Materiais e Metalúrgica";"EM CONSOLIDACÃO";
"GEI357-14";"Grupo de Estudos e Pesquisa em Agroenergia";"MARCIO DIAS PEREIRA";"Agronomia";"EM CONSOLIDACÃO";
"GED346-13";"GRUPO DE ESTUDOS E PESQUISA EM CARDIOLOGIA (GEPECARDIO)";"ROSIANE VIANA ZUZA DINIZ";"Medicina";"EM CONSOLIDACÃO";
"GED336-13";"Grupo de Estudos e Pesquisa em Enfermagem Baseada em Evidência (GEPEBE/UFRN)";"REGIMAR CARLA MACHADO";"Enfermagem";"EM CONSOLIDACÃO";
"GEL301-12";"Grupo de Estudos e Pesquisa em Enfermagem nos diferentes cenários de atenção à saúde (GEPECAS)";"FABIA BARBOSA DE ANDRADE";"Enfermagem";"EM CONSOLIDACÃO";
"GEE211-09";"Grupo de estudos e pesquisa em espaço, trabalho, inovação e sustentabilidade - GEPETIS";"WILLIAM EUFRASIO NUNES PEREIRA";"Ciências Sociais Aplicadas";"EM CONSOLIDACÃO";
"GED368-15";"GRUPO DE ESTUDOS E PESQUISA EM PSICOBIOLOGIA DO EXERCÍCIO E ESPORTE  GEPPEE";"HASSAN MOHAMED ELSANGEDY";"Educação Física";"EM CONSOLIDACÃO";
"GCE094-00";"GRUPO DE ESTUDOS E PESQUISA EM SEGURIDADE SOCIAL E SERVIÇO SOCIAL";"MARCIA MARIA DE SA ROCHA";"Serviço Social";"CONSOLIDADO";
"GED318-13";"Grupo de Estudos e Pesquisas de Avaliação em Saúde-GEPEAS";"IRIS DO CEU CLARA COSTA";"Saúde Coletiva";"EM CONSOLIDACÃO";
"GEN376-15";"Grupo de Estudos e Pesquisas "Educação com Crianças de Zero a Três Anos";"NAIRE JANE CAPISTRANO";"Educação";"EM CONSOLIDACÃO";
"GEA214-09";"GRUPO DE ESTUDOS E PESQUISAS EM EDUCAÇÃO MÉDICA";"ELAINE LIRA MEDEIROS BEZERRA";"Ciências da Saúde";"EM CONSOLIDACÃO";
"GCE042-00";"GRUPO DE ESTUDOS E PESQUISAS EM GESTÃO INSTITUCIONAL E POLÍTICAS PÚBLICAS";"DINAH DOS SANTOS TINOCO";"Administração";"CONSOLIDADO";
"GEE290-12";"Grupo de Estudos e Pesquisas em Questão Social, Política Social e Serviço Social";"IRIS MARIA DE OLIVEIRA";"Serviço Social";"EM CONSOLIDACÃO";
"GED199-08";"GRUPO DE ESTUDOS E PESQUISAS EM REABILITAÇÃO ORAL - GEPRO";"GUSTAVO AUGUSTO SEABRA BARBOSA";"Odontologia";"EM CONSOLIDACÃO";
"GCC060-00";"GRUPO DE ESTUDOS E PESQUISAS SOBRE O TRABALHO - GEPET";"JORGE TARCISIO DA ROCHA FALCAO";"Psicologia";"CONSOLIDADO";
"GCC064-99";"GRUPO DE ESTUDOS INTER-AÇÕES PESSOA-AMBIENTE";"JOSE DE QUEIROZ PINHEIRO";"Ciências Humanas";"CONSOLIDADO";
"GCC120-01";"GRUPO DE ESTUDOS PSICOLOGIA E SAÚDE - GEPPS";"EULALIA MARIA CHAVES MAIA";"Ciências Humanas";"CONSOLIDADO";
"GCC119-01";"GRUPO DE ESTUDOS SOBRE CULTURAS POPULARES";"LUIZ CARVALHO DE ASSUNCAO";"Ciências Humanas";"CONSOLIDADO";
"GEC359-14";"Grupo de Estudos Trabalho e Sociedade - GETS";"CESAR SANSON";"Sociologia";"EM CONSOLIDACÃO";
"GCB072-00";"GRUPO DE MATERIAIS E TECNOLOGIA DO PÓ";"UILAME UMBELINO GOMES";"Engenharias";"CONSOLIDADO";
"GEG300-12";"Grupo de Metamateriais - GMeta";"SANDRO GONCALVES DA SILVA";"Engenharia de Materiais e Metalúrgica";"EM CONSOLIDACÃO";
"GCG015-00";"GRUPO DE MICROONDAS E ANTENAS";"ADAILDO GOMES D ASSUNCAO";"Engenharias";"CONSOLIDADO";
"GCD105-01";"GRUPO DE PESQUISA CORPO E CULTURA DE MOVIMENTO";"JOSE PEREIRA DE MELO";"Ciências da Saúde";"CONSOLIDADO";
"GCA263-10";"GRUPO DE PESQUISA DE AMBIENTES AQUÁTICOS";"FULVIO AURELIO DE MORAIS FREIRE";"Ciências Biológicas";"CONSOLIDADO";
"GEB369-15";"Grupo de Pesquisa de Modelagem e Observação de Química da Atmosfera (GP-MOQA)";"JUDITH JOHANNA HOELZEMANN";"Geociências";"EM CONSOLIDACÃO";
"GEC419-16";"GRUPO DE PESQUISA EDUCAÇÃO, LINGUAGEM E SURDEZ";"LARALIS NUNES DE SOUSA OLIVEIRA";"Multidisciplinar";"EM CONSOLIDACÃO";
"GED390-16";"Grupo de Pesquisa e Estudos em Saúde Coletiva";"CECILIA NOGUEIRA VALENCA";"Saúde Coletiva";"EM CONSOLIDACÃO";
"GED412-16";"Grupo de Pesquisa e Inovação Tecnológica em Saúde de Caicó - PITES";"MARCELO DOS SANTOS";"Engenharia Biomédica";"EM CONSOLIDACÃO";
"GED361-14";"Grupo de Pesquisa em Alimentação Coletiva - GPAC";"PRISCILLA MOURA ROLIM MADEIRA";"Nutrição";"EM CONSOLIDACÃO";
"GEC175-06";"Grupo de Pesquisa em Análise Textual dos Discursos";"MARIA DAS GRACAS SOARES RODRIGUES";"Lingüística";"EM CONSOLIDACÃO";
"GEB302-12";"Grupo de Pesquisa em Artefatos Físicos de Interação (PAIRG)";"LEONARDO CUNHA DE MIRANDA";"Ciência da Computação";"EM CONSOLIDACÃO";
"GCC164-05";"GRUPO DE PESQUISA EM CORPO, DANÇA E PROCESSOS DE CRIAÇÃO";"KARENINE DE OLIVEIRA PORPINO";"Artes";"CONSOLIDADO";
"GEE316-13";"GRUPO DE PESQUISA EM EDUCAÇÃO, AUDITORIA E PERÍCIA CONTÁBIL";"ERIVAN FERREIRA BORGES";"Administração";"EM CONSOLIDACÃO";
"GEE309-13";"Grupo de Pesquisa em Eficiência Aplicada";"JANAINA DA SILVA ALVES";"Economia";"EM CONSOLIDACÃO";
"GEC421-16";"Grupo de Pesquisa em Estrutura e Evolução de Paisagens do Quaternário";"RODRIGO DE FREITAS AMORIM";"Geografia";"EM CONSOLIDACÃO";
"GEC241-10";"Grupo de Pesquisa em Estudos do Texto e do Discurso - GETED";"SULEMI FABIANO CAMPOS";"Lingüística, Letras e Artes";"EM CONSOLIDACÃO";
"GEC386-15";"Grupo de Pesquisa em Estudos Hispânicos e Ensino";"ALEXANDRO TEIXEIRA GOMES";"Letras";"EM CONSOLIDACÃO";
"GEC305-13";"Grupo de Pesquisa em Estudos Irlandeses";"ANA GRACA CANAN";"Letras";"EM CONSOLIDACÃO";
"GEE333-13";"Grupo de Pesquisa em Estudos Organizacionais";"CARLOS ALBERTO FREIRE MEDEIROS";"Administração";"EM CONSOLIDACÃO";
"GEC320-13";"Grupo de Pesquisa em Ética e Filosofia Política";"JOEL THIAGO KLEIN";"Filosofia";"EM CONSOLIDACÃO";
"GEF447-17";"Grupo de Pesquisa em Gerenciamento dos Riscos e Desastres Naturais (GENAT)";"SAULO ROBERTO DE OLIVEIRA VITAL";"Geociências";"EM CONSOLIDACÃO";
"GEJ229-09";"Grupo de Pesquisa em Gestão de CT&I e Desenvolvimento Sustentável do NE (GCTIDS@NE)";"EDILSON DA SILVA PEDRO";"Engenharias";"EM CONSOLIDACÃO";
"GCF146-03";"GRUPO DE PESQUISA EM GESTÃO, TRABALHO E POLÍTICAS EDUCACIONAIS - GETEPE";"ANTONIO LISBOA LEITAO DE SOUZA";"Ciências Humanas";"CONSOLIDADO";
"GED267-11";"GRUPO DE PESQUISA EM INFECÇÕES GENITAIS FEMININAS";"ANA KATHERINE DA SILVEIRA GONCALVES DE OLIVEIRA";"Ciências da Saúde";"EM CONSOLIDACÃO";
"GED366-14";"Grupo de Pesquisa em Motricidade e Fisiologia Humana";"ROBERTA DE OLIVEIRA CACHO";"Fisioterapia e Terapia Ocupacional";"EM CONSOLIDACÃO";
"GEL387-16";"GRUPO DE PESQUISA EM SAÚDE E FUNCIONALIDADE - GESAF";"EGMAR LONGO HULL";"Fisioterapia e Terapia Ocupacional";"EM CONSOLIDACÃO";
"GEB424-17";"Grupo de Pesquisa em Serviços e Aplicações para Internet do Futuro";"AUGUSTO JOSE VENANCIO NETO";"Ciência da Computação";"EM CONSOLIDACÃO";
"GET418-16";"Grupo de Pesquisa em TI aplicado à Fisioterapia";"JULIO CESAR PAULINO DE MELO";"Fisioterapia e Terapia Ocupacional";"EM CONSOLIDACÃO";
"GED334-13";"Grupo de Pesquisa em Tuberculose da Universidade Federal do Rio Grande do Norte (GTB-UFRN)RN";"ERIKA SIMONE GALVAO PINTO";"Saúde Coletiva";"EM CONSOLIDACÃO";
"GCC117-01";"GRUPO DE PESQUISA ESPAÇO E PODER";"BEATRIZ MARIA SOARES PONTES";"Ciências Humanas";"CONSOLIDADO";
"GEC191-07";"GRUPO DE PESQUISA (IN)FINITO & DIFERENÇA - ÁPEIRON";"RUBEN GUEDES NUNES";"Ciências Humanas";"EM CONSOLIDACÃO";
"GEC395-16";"Grupo de Pesquisa multilíngue voltado para a aquisição da competência tradutória";"KATIA AILY FRANCO DE CAMARGO";"Letras";"EM CONSOLIDACÃO";
"GEC231-10";"Grupo de Pesquisa Ponte Literária Hispano-brasileira";"FRANCISCO IVAN DA SILVA";"Lingüística, Letras e Artes";"EM CONSOLIDACÃO";
"GEC232-10";"Grupo de Pesquisas em Ensino-Aprendizagem de Línguas Estrangeiras";"SELMA ALAS MARTINS";"Lingüística";"EM CONSOLIDACÃO";
"GEE429-17";"Grupo de Pesquisas em Marcas e Marketing";"LISSA VALERIA FERNANDES FERREIRA";"Comunicação";"EM CONSOLIDACÃO";
"GCC054-95";"GRUPO DE PESQUISAS MARXISMO E EDUCAÇÃO";"OSWALDO HAJIME YAMAMOTO";"Psicologia";"CONSOLIDADO";
"GEC285-12";"Grupo de Pesquisa sobre as Cidades Contemporâneas";"SARA RAQUEL FERNANDES QUEIROZ DE MEDEIROS";"Planejamento Urbano e Regional";"EM CONSOLIDACÃO";
"GEE431-17";"Grupo de Pesquisa sobre Economia Criativa e Desenvolvimento Humano";"FERNANDO MANUEL ROCHA DA CRUZ";"Planejamento Urbano e Regional";"EM CONSOLIDACÃO";
"GED315-13";"GRUPO DE PESQUISA SOBRE EFEITOS AGUDOS E CRÔNICOS DO EXERCÍCIO";"EDUARDO CALDAS COSTA";"Educação Física";"EM CONSOLIDACÃO";
"GEC298-12";"Grupo de Pesquisa Tradições Discursivas";"ALESSANDRA CASTILHO FERREIRA DA COSTA";"Lingüística";"EM CONSOLIDACÃO";
"GEN381-15";"GRUPO DE POLÍTICA DO ENSINO SUPERIOR";"ALDA MARIA DUARTE ARAUJO CASTRO";"Educação";"EM CONSOLIDACÃO";
"GEB337-13";"Grupo de Química Inorgânica Aplicada - GRUQIA";"ROBSON FERNANDES DE FARIAS";"Química";"EM CONSOLIDACÃO";
"GEG425-17";"Grupo de Síntese Química de Materiais Cerâmicos  GSQMaC";"FABIANA VILLELA DA MOTTA";"Engenharia de Materiais e Metalúrgica";"EM CONSOLIDACÃO";
"GEC375-15";"Grupo Eduardo Galeano de Estudos e Pesquisas Latino-Americanas em Comunicação Social.";"ADRIANO MEDEIROS COSTA";"Comunicação";"EM CONSOLIDACÃO";
"GEE212-09";"GRUPO INTERDISCIPLINAR DE ESTUDOS E AVALIAÇÃO DE POLÍTICAS PÚBLICAS - GIAPP";"JOAO MATOS FILHO";"Economia";"EM CONSOLIDACÃO";
"GEL244-10";"Grupo Interdisciplinar de Estudos em Ciência, Saúde e Sociedade";"THAIZA TEIXEIRA XAVIER NOBRE";"Saúde Coletiva";"EM CONSOLIDACÃO";
"GET394-16";"Grupo Interdisciplinar de Estudos e Pesquisas em Informática na Educação (GIIfE)";"EUGENIO PACCELLI AGUIAR FREIRE";"Educação";"EM CONSOLIDACÃO";
"GCE047-99";"GRUPO INTERDISCIPLINAR DE PESQUISA, FORMAÇÃO, AUTOBIOGRAFIA, REPRESENTAÇÕES SOCIAIS";"MARIA DA CONCEICAO FERRER BOTELHO SGADARI PASSEGGI";"Ciências Humanas";"CONSOLIDADO";
"GEG273-11";"Grupo OITI - Inovação Desempenho e Tecnologia no Habitat Tropical";"EDNA MOURA PINTO";"Arquitetura e Urbanismo";"EM CONSOLIDACÃO";
"GEB344-13";"Grupo Potiguar de Estudos e Pesquisas em Historia da Educação Matemática";"LILIANE DOS SANTOS GUTIERRE";"Educação";"EM CONSOLIDACÃO";
"GEA414-16";"HIDEAS - Segurança Alimentar e Sustentabilidade";"SUELI APARECIDA MOREIRA";"Oceanografia";"EM CONSOLIDACÃO";
"GEB190-07";"HIDROGEOLOGIA E GEOQUÍMICA AMBIENTAL";"JOSE GERALDO DE MELO";"Ciências Exatas e da Terra";"EM CONSOLIDACÃO";
"GEF236-10";"História, Cultura e Poder";"ALMIR DE CARVALHO BUENO";"Ciências Humanas";"EM CONSOLIDACÃO";
"GEG261-11";"História da Cidade, do Território e do Urbanismo - HCUrb";"ANGELA LUCIA DE ARAUJO FERREIRA";"Planejamento Urbano e Regional";"EM CONSOLIDACÃO";
"GEF439-17";"História dos sertões";"HELDER ALEXANDRE MEDEIROS DE MACEDO";"História";"EM CONSOLIDACÃO";
"GEE203-08";"HISTÓRIA E EDUCAÇÃO";"TANIA CRISTINA MEIRA GARCIA";"Educação";"EM CONSOLIDACÃO";
"GEC186-07";"idéia&mimesis";"SANDRA SASSETTI FERNANDES ERICKSON";"Ciências Humanas";"EM CONSOLIDACÃO";
"GEE259-11";"IMAGEM, MERCADO E TECNOLOGIA";"LUIS ROBERTO ROSSI DEL CARRATORE";"Ciências Sociais Aplicadas";"EM CONSOLIDACÃO";
"GED240-10";"Incubadora de Procedimentos de Enfermagem";"GILSON DE VASCONCELOS TORRES";"Enfermagem";"EM CONSOLIDACÃO";
"GEE197-08";"INFORMAÇÃO NA SOCIEDADE CONTEMPORÂNEA";"ELIANE FERREIRA DA SILVA";"Ciências Biológicas";"EM CONSOLIDACÃO";
"GEA283-12";"Instituto do Cérebro";"RODRIGO NEVES ROMCY PEREIRA";"Biologia Geral";"EM CONSOLIDACÃO";
"GEG367-15";"Instrumentação e Microeletrônica";"SEBASTIAN YURI CAVALCANTI CATUNDA";"Engenharia Elétrica";"EM CONSOLIDACÃO";
"GEF278-11";"Inteligência Computacional Aplicada a Negócios";"FLAVIUS DA LUZ E GORGONIO";"Ciências Exatas e da Terra";"EM CONSOLIDACÃO";
"GEP314-13";"Investigação de Transtornos Psiquiátricos pelas Neurociências";"DRAULIO BARROS DE ARAUJO";"Psicologia";"EM CONSOLIDACÃO";
"GEC219-08";"IPODE";"FERNANDO BASTOS COSTA";"Ciências Humanas";"EM CONSOLIDACÃO";
"GCA003-00";"LABORATÓRIO DE CRONOBIOLOGIA";"CAROLINA VIRGINIA MACEDO DE AZEVEDO";"Ciências Biológicas";"CONSOLIDADO";
"GEN326-13";"Laboratório de Educação Aplicada às Novas Tecnologias,  Mídias  Interativas  e Estudos  Étnico-Raciais (LENTE)";"MARIA DE FATIMA GARCIA";"Educação";"EM CONSOLIDACÃO";
"GCA002-89";"Laboratório de Endocrinologia Comportamental";"MARIA BERNARDETE CORDEIRO DE SOUSA";"Zoologia";"CONSOLIDADO";
"GEC306-13";"Laboratório de Estudos Rurais";"FERNANDO BASTOS COSTA";"Sociologia";"EM CONSOLIDACÃO";
"GED238-10";"Laboratório de investigação do cuidado, segurança, tecnologias em saúde e enfermagem";"VIVIANE EUZEBIA PEREIRA SANTOS";"Enfermagem";"EM CONSOLIDACÃO";
"GEB392-16";"Laboratório de Peneiras Moleculares - LABPEMOL";"SIBELE BERENICE CASTELLA PERGHER";"Química";"EM CONSOLIDACÃO";
"GEC380-15";"Laboratório de Pesquisa e Extensão em Neuropsicologia";"IZABEL AUGUSTA HAZIN PIRES";"Psicologia";"EM CONSOLIDACÃO";
"GED423-17";"Laboratório de Pesquisas Saberes, Saúde e Sociedade";"ANA LUIZA DE OLIVEIRA E OLIVEIRA";"Saúde Coletiva";"EM CONSOLIDACÃO";
"GED352-14";"Laboratório de Pesquisas Sociais em Medicina e Saúde";"LUCAS PEREIRA DE MELO";"Saúde Coletiva";"EM CONSOLIDACÃO";
"GCC048-02";"LETRAMENTO E ETNOGRAFIA";"MARIA DO SOCORRO OLIVEIRA";"Lingüística";"CONSOLIDADO";
"GEC398-16";"Linguagem e Processos Cognitivos";"MAHAYANA CRISTINA GODOY";"Lingüística";"EM CONSOLIDACÃO";
"GCC143-02";"LINGUAGENS DA CENA: IMAGEM, CULTURA E REPRESENTAÇÃO";"MARIA HELENA BRAGA E VAZ DA COSTA";"Artes";"CONSOLIDADO";
"GEF235-10";"LITERATURA E SOCIEDADE";"VALDENIDES CABRAL DE ARAUJO DIAS";"Lingüística";"EM CONSOLIDACÃO";
"GCC038-97";"LÓGICA, CONHECIMENTO E ÉTICA";"DANIEL DURANTE PEREIRA ALVES";"Filosofia";"CONSOLIDADO";
"GCB087-97";"Lógica, Linguagem, Informação, Teoria e Aplicações";"BENJAMIN RENE CALLEJAS BEDREGAL";"Ciência da Computação";"CONSOLIDADO";
"GCB073-00";"MAGNETISMO E MATERIAIS MAGNÉTICOS";"ARTUR DA SILVA CARRICO";"Ciências Exatas e da Terra";"CONSOLIDADO";
"GEC323-13";"Marginália - Grupo de Estudos Transdisciplinares em Comunicação e Cultura";"JOSIMEY COSTA DA SILVA";"Comunicação";"EM CONSOLIDACÃO";
"GEB372-15";"Matemática Aplicada";"EDGAR SILVA PEREIRA";"Matemática";"EM CONSOLIDACÃO";
"GEB215-09";"MATEMÁTICA APLICADA";"ROBERTO HUGO BIELSCHOWSKY";"Matemática";"EM CONSOLIDACÃO";
"GCB114-01";"MATEMÁTICA E CULTURA";"BERNADETE BARBOSA MOREY";"Matemática";"CONSOLIDADO";
"GEJ266-11";"MATERIAIS AVANÇADOS E MODELAGEM COMPUTACIONAL";"BRAULIO SILVA BARROS";"Engenharias";"EM CONSOLIDACÃO";
"GCG032-00";"MATERIAIS COMPÓSITOS E CERÂMICOS";"EVE MARIA FREIRE DE AQUINO";"Engenharias";"CONSOLIDADO";
"GCB091-00";"MATERIAIS HÍBRIDOS";"RICARDO SILVEIRA NASAR";"Química";"CONSOLIDADO";
"GEG328-13";"Materiais Têxteis e Ciência do Conforto";"NEIL DE OLIVEIRA LIMA FILHO";"Engenharia Textil";"EM CONSOLIDACÃO";
"GEC204-08";"MATIZES - GRUPO DE PESQUISA EM CULTURA VISUAL";"EVERARDO ARAUJO RAMOS";"Lingüística";"EM CONSOLIDACÃO";
"GCG021-00";"MECÂNICA COMPUTACIONAL";"CARLOS MAGNO DE LIMA";"Engenharias";"CONSOLIDADO";
"GED377-15";"Melhoria da Qualidade em Serviços de Saúde - QualiSaúde";"ZENEWTON ANDRÉ DA SILVA GAMA";"Saúde Coletiva";"EM CONSOLIDACÃO";
"GCC168-06";"MEMÓRIA E NARRATIVAS: ESPAÇOS DA HISTÓRIA";"MARIA DA CONCEICAO FRAGA";"História";"CONSOLIDADO";
"GEE295-12";"Método do Caso";"MARIA VALERIA PEREIRA DE ARAUJO";"Administração";"EM CONSOLIDACÃO";
"GEC430-17";"Metodologia de pesquisa em música: Núcleo de projetos de pesquisa e a consolidação de novas propostas para pesquisar na área específica (Influência da música na aprendizagem).";"VALERIA LAZARO DE CARVALHO";"Artes";"EM CONSOLIDACÃO";
"GEG396-16";"Microrreologia de blendas, compósitos e nanocompósitos poliméricos";"EDSON NORIYUKI ITO";"Engenharia de Materiais e Metalúrgica";"EM CONSOLIDACÃO";
"GEB356-14";"Modelagem climática e de sistemas complexos";"DAVID MENDES";"Geociências";"EM CONSOLIDACÃO";
"GEG434-17";"Modelagem e Análise Científica de Dados";"LUIZ AFFONSO HENDERSON GUEDES DE OLIVEIRA";"Engenharia Elétrica";"EM CONSOLIDACÃO";
"GEG445-17";"Modelagem e Simulação de Biossistemas";"BEATRIZ STRANSKY FERREIRA";"Multidisciplinar";"EM CONSOLIDACÃO";
"GEG322-13";"Modelagem, Identificação e Controle de Sistemas Agrários";"JOSENALDE BARBOSA DE OLIVEIRA";"Engenharia Elétrica";"EM CONSOLIDACÃO";
"GEB246-10";"Modelagem Molecular e Simulação Aplicados";"CAIO LIMA FIRME";"Ciências Exatas e da Terra";"EM CONSOLIDACÃO";
"GCG148-03";"MODELAGEM, SIMULAÇÃO E ANÁLISE EM ENGENHARIA QUÍMICA E DE PETRÓLEO- (GRADIVA)";"VANJA MARIA DE FRANCA BEZERRA";"Engenharias";"CONSOLIDADO";
"GEC220-09";"Modos de Subjetivação, Políticas Públicas e Contextos de Vulnerabilidades";"MAGDA DINIZ BEZERRA DIMENSTEIN";"Psicologia";"EM CONSOLIDACÃO";
"GCG112-01";"MORFOLOGIA E USOS DA ARQUITETURA - MUsA";"EDJA BEZERRA FARIA TRIGUEIRO";"Arquitetura e Urbanismo";"CONSOLIDADO";
"GCD106-01";"MOVIMENTO E SAÚDE";"RICARDO OLIVEIRA GUERRA";"Fisioterapia e Terapia Ocupacional";"CONSOLIDADO";
"GEC226-09";"MYTHOS-LOGOS: Religião, Mito e Espiritualidade";"ORIVALDO PIMENTEL LOPES JUNIOR";"Ciências Humanas";"EM CONSOLIDACÃO";
"GEG245-10";"NAGI - Núcleo Aplicado à Gestão & Inovação";"JAMERSON VIEGAS QUEIROZ";"Engenharia de Produção";"EM CONSOLIDACÃO";
"GEB276-11";"Nanoestruturas magnéticas e semicondutoras";"CARLOS CHESMAN DE ARAUJO FEITOSA";"Ciências Exatas e da Terra";"EM CONSOLIDACÃO";
"GCC118-01";"NAVIS NÚCLEO DE ANTROPOLOGIA VISUAL";"LISABETE CORADINI";"Ciências Humanas";"CONSOLIDADO";
"GEJ354-14";"Negócios Tecnológicos";"EFRAIN PANTALEON MATAMOROS";"Tecnologia e Inovação";"EM CONSOLIDACÃO";
"GEA243-10";"Neuroanatomia Funcional e Evolutiva";"EXPEDITO SILVA DO NASCIMENTO JUNIOR";"Ciências Biológicas";"EM CONSOLIDACÃO";
"GEC358-14";"Neurociências Aplicadas, Processos Básicos e Cronobiologia";"KATIE MORAES DE ALMONDES";"Psicologia";"EM CONSOLIDACÃO";
"GEC271-11";"Neurociências Cognitiva e Comportamental";"ANTONIO PEREIRA JUNIOR";"Ciências Humanas";"EM CONSOLIDACÃO";
"GED438-17";"NEUROex: Grupo de Estudos e Pesquisa em Atividade Física, Cognição e Comportamento";"EDUARDO BODNARIUC FONTES";"Educação Física";"EM CONSOLIDACÃO";
"GEA384-15";"Neurofisiologia Computacional";"ADRIANO BRETANHA LOPES TORT";"Fisiologia";"EM CONSOLIDACÃO";
"GEA446-17";"Neuropsicofarmacologia";"ELAINE CRISTINA GAVIOLI";"Farmacologia";"EM CONSOLIDACÃO";
"GEE338-13";"NÚCLEO DE ANÁLISE ECONÔMICA MULTISSETORIAL, ESTRATÉGICA E CONJUNTURAL - NEMEC";"ANDRE LUIS CABRAL DE LOURENCO";"Economia";"EM CONSOLIDACÃO";
"GCE041-00";"Núcleo de Economia Aplicada e Conjuntura Econômica - NEAC";"JOAO PAULO MARTINS GUEDES";"Economia";"CONSOLIDADO";
"GCC104-01";"NÚCLEO DE ESTUDOS EM PSICOLOGIA HISTÓRICO-CULTURAL";"HERCULANO RICARDO CAMPOS";"Psicologia";"CONSOLIDADO";
"GEB413-16";"NÚCLEO DE ESTUDOS ENERGÉTICOS EM REJEITOS NATURAIS";"ADEMIR OLIVEIRA DA SILVA";"Multidisciplinar";"EM CONSOLIDACÃO";
"GED324-13";"Núcleo de Estudos e Pesquisas em Enfermagem Clínica (NEPEC)";"MARCOS ANTONIO FERREIRA JUNIOR";"Enfermagem";"EM CONSOLIDACÃO";
"GED391-16";"Núcleo de Estudos e Pesquisas em Urgência, Emergência e Terapia Intensiva (NEPET)";"RODRIGO ASSIS NEVES DANTAS";"Enfermagem";"EM CONSOLIDACÃO";
"GCC062-00";"NÚCLEO DE ESTUDO SOBRE O TRABALHO";"ELEONORA BEZERRA DE MELO TINOCO";"Ciências Humanas";"CONSOLIDADO";
"GEC433-17";"Núcleo de Estudos Portugueses";"MAURO DUNDER";"Letras";"EM CONSOLIDACÃO";
"GEE345-13";"NÚCLEO DE INOVAÇÃO NA GESTÃO PÚBLICA";"LILIA ASUCA SUMIYA";"Administração";"EM CONSOLIDACÃO";
"GEG262-11";"Núcleo de Inovação Tecnológica em Saúde";"RICARDO ALEXSANDRO DE MEDEIROS VALENTIM";"Engenharias";"EM CONSOLIDACÃO";
"GEC327-13";"Núcleo Transdisciplinar de Pesquisa em Artes Cênicas e Espetaculares- NACE";"NARA GRACA SALLES";"Artes";"EM CONSOLIDACÃO";
"GEC180-06";"NUECS-DH - Núcleo de Estudos Críticos em Subjetividades Contemporâneas e Direitos Humanos";"ALIPIO DE SOUSA FILHO";"Sociologia";"EM CONSOLIDACÃO";
"GED353-14";"Nutrição e alimentação de suínos e aves";"JOSE APARECIDO MOREIRA";"Zootecnia";"EM CONSOLIDACÃO";
"GED405-16";"Nutrição e substâncias bioativas para saúde";"ANA HELONEIDA DE ARAUJO MORAIS";"Nutrição";"EM CONSOLIDACÃO";
"GED340-13";"OBSERVATÓRIO DE SAÚDE MENTAL";"MAURICIO ROBERTO CAMPELO DE MACEDO";"Saúde Coletiva";"EM CONSOLIDACÃO";
"GES297-12";"O cuidar na saúde na perspectiva multiprofissional";"SILVANA ALVES PEREIRA";"Enfermagem";"EM CONSOLIDACÃO";
"GEA435-17";"Oncologia Molecular";"TIRZAH BRAZ PETTA LAJUS";"Genética";"EM CONSOLIDACÃO";
"GEE321-13";"O Processo e o Acesso à Justiça";"JOSE ORLANDO RIBEIRO ROSARIO";"Direito";"EM CONSOLIDACÃO";
"GEA330-13";"Optogenética";"RICHARDSON NAVES LEAO";"Fisiologia";"EM CONSOLIDACÃO";
"GEC202-08";"OS ESPAÇOS NA MODERNIDADE";"RAIMUNDO PEREIRA ALENCAR ARRAIS";"Lingüística, Letras e Artes";"EM CONSOLIDACÃO";
"GCB113-01";"Otimização combinatória e desenvolvimento de sistemas computacionais de apoio à decisão";"DARIO JOSE ALOISE";"Ciências Exatas e da Terra";"CONSOLIDADO";
"GEG270-11";"Otimização e controle de sistemas dinâmicos";"WALLACE MOREIRA BESSA";"Engenharias";"EM CONSOLIDACÃO";
"GCG016-95";"OTIMIZAÇÃO E SUPERVISÃO DE SISTEMAS ELÉTRICOS E INDUSTRIAIS";"MANOEL FIRMINO DE MEDEIROS JUNIOR";"Engenharias";"CONSOLIDADO";
"GEE389-16";"Para além das escolhas de determinação judicial de pena: entre o dogmático e o empírico";"KEITY MARA FERREIRA DE SOUZA E SABOYA";"Direito";"EM CONSOLIDACÃO";
"GCD067-92";"PATOLOGIA ORAL";"LEAO PEREIRA PINTO";"Ciências da Saúde";"CONSOLIDADO";
"GEG351-14";"PEGADAS: PROJETOS DE ENGENHARIA E GESTÃO APLICADOS AO DESENVOLVIMENTO AMBIENTAL E SOCIAL";"SANDRA RUFINO SANTOS";"Engenharia de Produção";"EM CONSOLIDACÃO";
"GED362-14";"PESQUISA CIENTÍFICA EM DENTÍSTICA E MATERIAIS DENTÁRIOS";"BONIEK CASTILLO DUTRA BORGES";"Odontologia";"EM CONSOLIDACÃO";
"GED360-14";"PESQUISA CLÍNICA EM CIRURGIA";"IRAMI ARAUJO FILHO";"Medicina";"EM CONSOLIDACÃO";
"GED279-12";"PESQUISA E PROMOÇÃO DO DESENVOLVIMENTO DA INFÂNCIA E DA JUVENTUDE";"MARGARETH DE VASCONCELOS MONTEIRO";"Ciências da Saúde";"EM CONSOLIDACÃO";
"GEG254-10";"Pesquisa Operacional e Logística - POLO";"WERNER KLEYSON DA SILVA SOARES";"Engenharia de Produção";"EM CONSOLIDACÃO";
"GEA171-06";"PESQUISAS EM FARMACOLOGIA";"AURIGENA ANTUNES DE ARAUJO";"Ciências Biológicas";"EM CONSOLIDACÃO";
"GED230-09";"Pesquisa, Tecnologia e Inovação em Controle de Qualidade de Medicamentos";"CICERO FLAVIO SOARES ARAGAO";"Ciências da Saúde";"EM CONSOLIDACÃO";
"GEA213-09";"PLASTICIDADE MORFOFUNCIONAL DOS SISTEMAS ORGÂNICOS. MICROSCOPIA CELULAR E TECIDUAL";"NAIANNE KELLY CLEBIS";"Ciências Biológicas";"EM CONSOLIDACÃO";
"GCE093-00";"PODER LOCAL, DESENVOLVIMENTO E POLÍTICAS PÚBLICAS";"JOAO BOSCO ARAUJO DA COSTA";"Ciências Sociais Aplicadas";"CONSOLIDADO";
"GEC296-12";"Poder Local e Gestão Pública no Brasil";"ANTONIO SERGIO ARAUJO FERNANDES";"Ciência Política";"EM CONSOLIDACÃO";
"GCE151-04";"POLÍTICAS E GESTÃO DA EDUCAÇAO";"MAGNA FRANCA";"Educação";"CONSOLIDADO";
"GEC227-09";"PRAGMA - Pragmática da Comunicação e da Mídia: teorias, linguagens, indústrias culturais e cidadania";"MARIA ANGELA PAVAN";"Comunicação";"EM CONSOLIDACÃO";
"GCD128-01";"PRÁTICAS ASSISTENCIAIS E EPIDEMIOLÓGICAS EM SAÚDE E ENFERMAGEM";"ANA LUISA BRANDAO DE CARVALHO LIRA";"Enfermagem";"CONSOLIDADO";
"GEC182-06";"Práticas discursivas na contemporaneidade";"MARIA DA PENHA CASADO ALVES";"Lingüística";"EM CONSOLIDACÃO";
"GCF141-02";"PRÁTICAS LINGUÍSTICAS DIFERENCIADAS";"ANTONIO GENARIO PINHEIRO DOS SANTOS";"Lingüística";"CONSOLIDADO";
"GED216-09";"Prevenção e estudos clínicos da voz e deglutição";"LOURDES BERNADETE ROCHA DE SOUZA";"Fonoaudiologia";"EM CONSOLIDACÃO";
"GCB075-00";"PROCESSAMENTO DE MATERIAIS POR PLASMA";"CLODOMIRO ALVES JUNIOR";"Engenharias";"CONSOLIDADO";
"GEG410-16";"Processamento de Sinais e Redes Elétricas Inteligentes";"FLAVIO BEZERRA COSTA";"Engenharia Elétrica";"EM CONSOLIDACÃO";
"GEB247-10";"PROCESSAMENTO GRÁFICO E INTELIGÊNCIA COMPUTACIONAL";"MARCELO FERREIRA SIQUEIRA";"Ciência da Computação";"EM CONSOLIDACÃO";
"GEG228-09";"Processamento Gráfico, Multimídia e Televisão Digital - GML (Graphics and Media Labs)";"LUIZ MARCOS GARCIA GONCALVES";"Engenharias";"EM CONSOLIDACÃO";
"GEI417-16";"Produção vegetal";"MARCIO DIAS PEREIRA";"Agronomia";"EM CONSOLIDACÃO";
"GCG103-02";"PRODUTOS NATURAIS";"RASIAH LADCHUMANANANDASIVAM";"Engenharias";"CONSOLIDADO";
"GED288-12";"Produtos Naturais Bioativos (PNBio)";"SILVANA MARIA ZUCOLOTTO LANGASSNER";"Farmácia";"EM CONSOLIDACÃO";
"GCG165-05";"PROJETAR - Projeto de Arquitetura e Percepção do Ambiente";"MAISA FERNANDES DUTRA VELOSO";"Engenharias";"CONSOLIDADO";
"GEA183-06";"Psicobiologia dos Processos Cognitivos";"REGINA HELENA DA SILVA";"Fisiologia";"EM CONSOLIDACÃO";
"GCB081-04";"QUÍMICA ANALÍTICA APLICADA";"JAILSON VIEIRA DE MELO";"Ciências Exatas e da Terra";"CONSOLIDADO";
"GEB169-06";"QUÍMICA ANALÍTICA E MEIO AMBIENTE";"NEDJA SUELY FERNANDES";"Química";"EM CONSOLIDACÃO";
"GEB265-11";"QUÍMICA BIOLÓGICA E QUIMIOMETRIA";"KASSIO MICHELL GOMES DE LIMA";"Química";"EM CONSOLIDACÃO";
"GCB078-94";"QUIMICA DE POLÍMEROS";"ROSANGELA DE CARVALHO BALABAN";"Ciências Exatas e da Terra";"CONSOLIDADO";
"GEB397-16";"Química, ensino e aprendizagem";"MARCIA GORETTE LIMA DA SILVA";"Educação";"EM CONSOLIDACÃO";
"GCB080-00";"QUÍMICA INORGÂNICA E MATERIAIS";"DULCE MARIA DE ARAUJO MELO";"Ciências Exatas e da Terra";"CONSOLIDADO";
"GEA185-06";"RADIOBIOLOGIA EXPERIMENTAL E ENSAIOS FARMACOLÓGICOS E TOXICOLÓGICOS PRÉ-CLÍNICOS";"LOUISIANNY GUERRA DA ROCHA";"Farmacologia";"EM CONSOLIDACÃO";
"GCG026-00";"RECURSOS HÍDRICOS E SANEAMENTO AMBIENTAL";"ARTHUR MATTOS";"Engenharias";"CONSOLIDADO";
"GEB280-12";"Rede Radônio no Rio Grande do Norte (RnRN)";"THOMAS FERREIRA DA COSTA CAMPOS";"Geociências";"EM CONSOLIDACÃO";
"GEE268-11";"REPRESENTAÇÕES SOCIAIS E EDUCAÇÃO";"MOISES DOMINGOS SOBRINHO";"Ciências Humanas";"EM CONSOLIDACÃO";
"GED409-16";"Ritmos Biológicos e Medicina do Sono (RITMES)";"FABIANA BARBOSA GONCALVES";"Medicina";"EM CONSOLIDACÃO";
"GEG172-06";"ROBÓTICA E SISTEMAS DEDICADOS";"PABLO JAVIER ALSINA";"Engenharias";"EM CONSOLIDACÃO";
"GCD125-01";"SAÚDE DA MULHER";"ANA CRISTINA PINHEIRO FERNANDES DE ARAUJO";"Medicina";"CONSOLIDADO";
"GED264-11";"Saúde e Sociedade";"JACILEIDE GUIMARAES";"Ciências da Saúde";"EM CONSOLIDACÃO";
"GEC207-09";"SAÚDE, GÊNERO, TRABALHO E MEIO AMBIENTE";"LORE FORTES";"Sociologia";"EM CONSOLIDACÃO";
"GEB399-16";"Sismologia";"JORDI JULIA CASAS";"Geociências";"EM CONSOLIDACÃO";
"GEA200-08";"Sistemas Complexos em Biofísica";"UMBERTO LAINO FULCO";"Biofísica";"EM CONSOLIDACÃO";
"GEG437-17";"Sistemas de Computação e Comumicações Energeticamente Eficientes";"SAMUEL XAVIER DE SOUZA";"Engenharia Elétrica";"EM CONSOLIDACÃO";
"GCA004-00";"SISTEMAS DE DEGRADAÇÃO DE PROTEÍNAS E CARBOIDRATOS";"ELIZEU ANTUNES DOS SANTOS";"Ciências Biológicas";"CONSOLIDADO";
"GEA174-06";"Sistemas Estuarinos: Abordagem Física e Biogeoquímica";"MARIO PEREIRA DA SILVA";"Ciências Exatas e da Terra";"EM CONSOLIDACÃO";
"GCG019-97";"SISTEMAS INTELIGENTES";"JORGE DANTAS DE MELO";"Engenharias";"CONSOLIDADO";
"GEB352-14";"SISTEMAS INTELIGENTES PARA CONTROLE DE PROCESSOS (SINCONP)";"EDUARDO JOSE SANDE E OLIVEIRA DOS SANTOS SOUZA";"Ciência da Computação";"EM CONSOLIDACÃO";
"GEB371-15";"SISTEMAS PETROLÍFEROS";"FRANCISCO PINHEIRO LIMA FILHO";"Geociências";"EM CONSOLIDACÃO";
"GCA159-05";"SISTEMÁTICA E BIOECOLOGIA DA ENTOMOFAUNA";"ADRIANA MONTEIRO DE ALMEIDA";"Ciências Biológicas";"CONSOLIDADO";
"GCA149-03";"SISTEMÁTICA, ECOLOGIA E CONSERVAÇÃO DA BIODIVERSIDADE DOS ECOSSISTEMAS NORDESTINOS";"ELIZA MARIA XAVIER FREIRE";"Ciências Biológicas";"CONSOLIDADO";
"GEA242-10";"Sistemática e Ecologia de Fungos";"IURI GOULART BASEIA";"Ciências Biológicas";"EM CONSOLIDACÃO";
"GEA275-11";"Sistemática, florística e evolução de plantas";"LEONARDO DE MELO VERSIEUX";"Ciências Biológicas";"EM CONSOLIDACÃO";
"GEC383-15";"Sociedade, Ambiente e Desenvolvimento";"FABIO FONSECA FIGUEIREDO";"Planejamento Urbano e Regional";"EM CONSOLIDACÃO";
"GEF194-07";"SOCIEDADE E ESPAÇO";"IONE RODRIGUES DINIZ MORAIS";"Ciências Humanas";"EM CONSOLIDACÃO";
"GCC156-04";"SUBJETIVIDADE E DESENVOLVIMENTO HUMANO";"ELZA MARIA DO SOCORRO DUTRA";"Ciências Humanas";"CONSOLIDADO";
"GEG411-16";"SustentAção - Grupo de Pesquisa e Extensão em Sustentabilidade";"CILIANA REGINA COLOMBO";"Engenharia de Produção";"EM CONSOLIDACÃO";
"GCG022-84";"TECFOTON - TELECOMUNICAÇÕES E FOTÔNICA";"HUMBERTO CESAR CHAVES FERNANDES";"Engenharia Elétrica";"CONSOLIDADO";
"GCB077-00";"TECNOLOGIA DE TENSOATIVOS";"AFONSO AVELINO DANTAS NETO";"Engenharias";"CONSOLIDADO";
"GCG035-99";"TECNOLOGIA MINERAL";"RAQUEL FRANCO DE SOUZA";"Engenharia de Transportes";"CONSOLIDADO";
"GEI222-09";"TECNOLOGIAS APLICADAS ÀS CIÊNCIAS AGRÁRIAS";"HARIM REVOREDO DE MACEDO";"Agronomia";"EM CONSOLIDACÃO";
"GEG189-07";"TECNOLOGIA SUPERCRÍTICA APLICADA A PRODUTOS NATURAIS E PRODUÇÃO DE BIODIESEL";"CAMILA GAMBINI PEREIRA";"Engenharias";"EM CONSOLIDACÃO";
"GEB374-15";"Teoria Clássica dos Campos";"MARIO OTAVIO SALLES";"Matemática";"EM CONSOLIDACÃO";
"GEC428-17";"TEORIA DA HISTÓRIA, HISTORIOGRAFIA E HISTÓRIA DOS ESPAÇOS";"RENATO AMADO PEIXOTO";"História";"EM CONSOLIDACÃO";
"GCB088-00";"TEORIA DOS GRAFOS E ALGORITMOS";"MARCO CESAR GOLDBARG";"Ciências Exatas e da Terra";"CONSOLIDADO";
"GEC208-09";"TEORIA POLÍTICA, ESTADO E DEMOCRACIA";"HOMERO DE OLIVEIRA COSTA";"Ciências Sociais Aplicadas";"EM CONSOLIDACÃO";
"GCG025-97";"TERMOCIÊNCIAS E ENERGIAS RENOVÁVEIS";"JOSE WILSON LAGE NOGUEIRA";"Engenharias";"CONSOLIDADO";
"GCG024-00";"TERMODINÂMICA E REATORES CATALÍTICOS";"CARLSON PEREIRA DE SOUZA";"Engenharias";"CONSOLIDADO";
"GEC293-12";"TERRITORIUM - Planejamento Territorial e Geografia Política";"ALDO ALOISIO DANTAS DA SILVA";"Geografia";"EM CONSOLIDACÃO";
"GEC335-13";"Texto, Gramática e Ensino";"CLEMILTON LOPES PINHEIRO";"Lingüística";"EM CONSOLIDACÃO";
"GCF051-00";"Trabalho, Ética e Direitos";"SILVANA MARA DE MORAIS DOS SANTOS";"Ciências Sociais Aplicadas";"CONSOLIDADO";
"GCB084-90";"TRANSFERÊNCIA DE MASSA E FLUIDO NA CROSTA TERRESTRE";"THOMAS FERREIRA DA COSTA CAMPOS";"Ciências Exatas e da Terra";"CONSOLIDADO";
"GEF393-16";"TURISMO, SOCIEDADE & TERRITÓRIO";"MARCELO DA SILVA TAVEIRA";"Turismo";"EM CONSOLIDACÃO";
"GCC095-95";"Unidade Interdisciplinar de Estudos sobre a Habitação e o Espaço Construído";"EDNA MARIA FURTADO";"Planejamento Urbano e Regional";"CONSOLIDADO";
"GEA342-13";"Vislab";"SERGIO TULIO NEUENSCHWANDER MACIEL";"Fisiologia";"EM CONSOLIDACÃO";
