"nome";"municipio";"convenio_academico";"grau_academico";"modalidade_educacao";"unidade_responsavel";"tipo_oferta";"area_conhecimento";"data_funcionamento";"codigo_inep";"dou";"portaria_reconhecimento";"situacao_curso";"coordenador";
"ADMINISTRAÇÃO";"NATAL";"";"BACHARELADO";"Presencial";"CENTRO DE CIÊNCIAS SOCIAIS APLICADAS";"Regular";"Ciências Sociais Aplicadas";"1971-09-16";"12311";"2017-04-04";"Portaria nº 272/2017 - MEC";"ATIVO";"CARLOS ALBERTO FREIRE MEDEIROS";
"ADMINISTRAÇÃO PÚBLICA";"NATAL";"";"BACHARELADO";"A Distância";"CENTRO DE CIÊNCIAS SOCIAIS APLICADAS";"Regular";"Ciências Sociais Aplicadas";"";"1151028";"2014-04-11";"Portaria nº 226/2014 - DIREG/MEC";"ATIVO";"MATILDE MEDEIROS DE ARAUJO";
"AGRONOMIA";"MACAÍBA";"";"BACHARELADO";"Presencial";"ESCOLA AGRÍCOLA DE JUNDIAÍ";"Regular";"Ciências Agrárias";"";"1127694";"2014-10-30";"Portaria nº 614/2014 - DIREG/MEC";"ATIVO";"ERMELINDA MARIA MOTA OLIVEIRA";
"ANÁLISE E DESENVOLVIMENTO DE SISTEMAS";"MACAÍBA";"";"TECNOLÓGICO";"Presencial";"ESCOLA AGRÍCOLA DE JUNDIAÍ";"Anual";"Outra";"";"1188193";"2015-12-24";"Portaria nº 1034/2015 - DIREG/MEC";"ATIVO";"IVAN MAX FREIRE DE LACERDA";
"ARQUITETURA E URBANISMO";"NATAL";"";"BACHARELADO";"Presencial";"CENTRO DE TECNOLOGIA";"Regular";"Engenharias";"1973-08-13";"12343";"2015-12-30";"Portaria nº 1098/2015 - DIREG/MEC";"ATIVO";"PAULO JOSE LISBOA NOBRE";
"ARTES VISUAIS";"NATAL";"";"LICENCIATURA";"Presencial";"CENTRO DE CIÊNCIAS HUMANAS, LETRAS E ARTES";"Regular";"Lingüística, Letras e Artes";"1977-03-03";"95667";"2015-12-30";"Portaria nº 1098 - DIREG/MEC";"ATIVO";"";
"BIBLIOTECONOMIA";"NATAL";"";"BACHARELADO";"Presencial";"CENTRO DE CIÊNCIAS SOCIAIS APLICADAS";"Regular";"Ciências Sociais Aplicadas";"1977-03-03";"18393";"2001-08-09";"Portaria nº 1.779/2001 - MEC";"ATIVO";"LUCIANA MOREIRA CARVALHO";
"BIOMEDICINA";"NATAL";"";"BACHARELADO";"Presencial";"CENTRO DE BIOCIÊNCIAS";"Regular";"Ciências Biológicas";"2003-03-31";"60288";"2015-01-02";"Portaria nº 824/2014 - DIREG/MEC";"ATIVO";"VANIA SOUSA ANDRADE";
"CIÊNCIA DA COMPUTAÇÃO";"NATAL";"";"BACHARELADO";"Presencial";"CENTRO DE CIÊNCIAS EXATAS E DA TERRA";"Regular";"Ciências Exatas e da Terra";"1987-03-01";"12313";"2015-12-30";"Portaria nº 1098/2015 - DIREG/MEC";"ATIVO";"SILVIA MARIA DINIZ MONTEIRO MAIA";
"CIÊNCIAS ATUARIAIS";"NATAL";"";"BACHARELADO";"Presencial";"CENTRO DE CIÊNCIAS EXATAS E DA TERRA";"Regular";"Ciências Exatas e da Terra";"";"116514";"2013-12-30";"Portaria nº 735/2013 - MEC";"ATIVO";"LUANA JUNQUEIRA DIAS MYRRHA";
"CIÊNCIAS BIOLÓGICAS";"NATAL";"";"LICENCIATURA";"A Distância";"CENTRO DE BIOCIÊNCIAS";"Regular";"Ciências Biológicas";"";"120887";"2016-05-12";"Portaria nº 190/2016 - MEC";"ATIVO";"NAISANDRA BEZERRA DA SILVA FARIAS";
"CIÊNCIAS BIOLÓGICAS";"NATAL";"";"BACHARELADO";"Presencial";"CENTRO DE BIOCIÊNCIAS";"Regular";"Ciências Biológicas";"1970-02-23";"12332";"2015-12-30";"Portaria nº 1098/2015 - DIREG/MEC";"ATIVO";"RENATA DE FÁTIMA PANOSSO";
"CIÊNCIAS BIOLÓGICAS";"NATAL";"";"LICENCIATURA";"Presencial";"CENTRO DE BIOCIÊNCIAS";"Regular";"Ciências Biológicas";"1970-02-23";"312332";"2015-12-30";"Portaria nº 1098/2015 - DIREG/MEC";"ATIVO";"RENATA SWANY SOARES DO NASCIMENTO";
"CIÊNCIAS CONTÁBEIS";"CAICÓ";"";"BACHARELADO";"Presencial";"CENTRO DE  ENSINO SUPERIOR DO SERIDÓ";"Regular";"Ciências Sociais Aplicadas";"1979-03-11";"12349";"2017-04-04";"Portaria nº 272/2017 - MEC";"ATIVO";"SOCRATES DANTAS LOPES";
"CIÊNCIAS CONTÁBEIS";"NATAL";"";"BACHARELADO";"Presencial";"CENTRO DE CIÊNCIAS SOCIAIS APLICADAS";"Regular";"Ciências Sociais Aplicadas";"1962-09-16";"12312";"2017-04-04";"Portaria nº 272/2017 - MEC";"ATIVO";"ADRIANA ISABEL BACKES STEPPAN";
"CIÊNCIAS ECONÔMICAS";"NATAL";"";"BACHARELADO";"Presencial";"CENTRO DE CIÊNCIAS SOCIAIS APLICADAS";"Regular";"Ciências Sociais Aplicadas";"1979-06-16";"12314";"2017-04-04";"Portaria nº 272/2017 - MEC";"ATIVO";"JOAO PAULO MARTINS GUEDES";
"CIÊNCIAS E TECNOLOGIA";"NATAL";"";"BACHARELADO";"Presencial";"ESCOLA DE CIÊNCIAS E TECNOLOGIA";"Regular";"Ciências Exatas e da Terra";"";"116756";"2008-06-10";"RESOLUÇÃO Nº083/2008-CONSEPE";"ATIVO";"KALINE MELO DE SOUTO VIANA";
"CIÊNCIAS SOCIAIS";"NATAL";"";"BACHARELADO";"Presencial";"CENTRO DE CIÊNCIAS HUMANAS, LETRAS E ARTES";"Regular";"Ciências Humanas";"1974-09-04";"1113220";"1976-04-02";"DECRETO Nº 77.363";"ATIVO";"JULIANA GONCALVES MELO";
"CIÊNCIAS SOCIAIS";"NATAL";"";"LICENCIATURA";"Presencial";"CENTRO DE CIÊNCIAS HUMANAS, LETRAS E ARTES";"Regular";"Ciências Humanas";"1974-09-04";"12315";"2015-12-30";"Portaria nº 1098/2015 - DIREG/MEC";"ATIVO";"IRENE ALVES DE PAIVA";
"COMUNICAÇÃO SOCIAL";"NATAL";"";"BACHARELADO";"Presencial";"CENTRO DE CIÊNCIAS HUMANAS, LETRAS E ARTES";"Regular";"Ciências Humanas";"1963-03-01";"116516";"2013-12-19";"Portaria nº 707/2013 - DIREG/MEC";"ATIVO";"KENIA BEATRIZ FERREIRA MAIA";
"COMUNICAÇÃO SOCIAL - AUDIOVISUAL";"NATAL";"";"BACHARELADO";"Presencial";"CENTRO DE CIÊNCIAS HUMANAS, LETRAS E ARTES";"Semestral";"Ciências Humanas";"";"1364002";"";"";"ATIVO";"MARIA ANGELA PAVAN";
"COMUNICAÇÃO SOCIAL- PUBLICIDADE E PROPAGANDA";"NATAL";"";"BACHARELADO";"Presencial";"CENTRO DE CIÊNCIAS HUMANAS, LETRAS E ARTES";"Semestral";"Ciências Humanas";"";"116624";"2017-04-04";"Portaria nº 272/2017 - MEC";"ATIVO";"JOSENILDO SOARES BEZERRA";
"DANÇA";"NATAL";"";"LICENCIATURA";"Presencial";"CENTRO DE CIÊNCIAS HUMANAS, LETRAS E ARTES";"Regular";"Lingüística, Letras e Artes";"";"116774";"2015-10-05";"Portaria nº 699/2015 - MEC";"ATIVO";"MARCOS BRAGATO";
"DESIGN";"NATAL";"";"BACHARELADO";"Presencial";"CENTRO DE CIÊNCIAS HUMANAS, LETRAS E ARTES";"Regular";"Lingüística, Letras e Artes";"";"116758";"2017-04-04";"Portaria nº 272/2017 - MEC";"ATIVO";"KILDER CESAR DE ARAUJO RIBEIRO";
"DIREITO";"CAICÓ";"";"BACHARELADO";"Presencial";"CENTRO DE  ENSINO SUPERIOR DO SERIDÓ";"Regular";"Ciências Sociais Aplicadas";"2020-01-01";"18852";"2009-07-16";"Artigo 63 da Portaria Normativa nº 40 - MEC - Proc. EMEC nº 200906661";"ATIVO";"OSWALDO PEREIRA DE LIMA JUNIOR";
"DIREITO";"NATAL";"";"BACHARELADO";"Presencial";"CENTRO DE CIÊNCIAS SOCIAIS APLICADAS";"Regular";"Ciências Sociais Aplicadas";"1954-01-25";"12317";"2017-07-10";"Portaria nº 688";"ATIVO";"ANNA EMANUELLA NELSON DOS SANTOS CAVALCANTI DA ROCHA";
"ECOLOGIA";"NATAL";"";"BACHARELADO";"Presencial";"CENTRO DE BIOCIÊNCIAS";"Regular";"Ciências Biológicas";"2003-12-31";"60286";"2006-12-07";"PORTARIA Nº 1030/2006 - MEC";"ATIVO";"MIRIAM PLAZA PINTO";
"EDUCAÇÃO FÍSICA";"NATAL";"";"LICENCIATURA";"A Distância";"CENTRO DE CIÊNCIAS DA SAÚDE";"Regular";"Ciências da Saúde";"";"1193750";"2016-07-08";"Portaria nº 293/2016 - MEC";"ATIVO";"MARCIO ROMEU RIBAS DE OLIVEIRA";
"EDUCAÇÃO FÍSICA";"NATAL";"";"BACHARELADO";"Presencial";"CENTRO DE CIÊNCIAS DA SAÚDE";"Regular";"Ciências da Saúde";"1973-08-13";"12327";"2015-01-02";"Portaria nº 824/2014 - DIREG/MEC";"ATIVO";"PATRICK RAMON STAFIN COQUEREL";
"EDUCAÇÃO FÍSICA";"NATAL";"PARFOR";"LICENCIATURA";"Presencial";"CENTRO DE CIÊNCIAS DA SAÚDE";"Semestral";"Ciências da Saúde";"";"312327";"2015-12-30";"Portaria nº 1098/2015 - DIREG/MEC";"ATIVO";"BRENO GUILHERME DE ARAUJO TINOCO CABRAL";
"EDUCAÇÃO FÍSICA";"NATAL";"";"LICENCIATURA";"Presencial";"CENTRO DE CIÊNCIAS DA SAÚDE";"Regular";"Ciências da Saúde";"1973-08-13";"312327";"2015-12-30";"Portaria nº 1098/2015 - DIREG/MEC";"ATIVO";"AGUINALDO CESAR SURDI";
"ENFERMAGEM";"NATAL";"";"BACHARELADO";"Presencial";"CENTRO DE CIÊNCIAS DA SAÚDE";"Regular";"Ciências da Saúde";"1974-01-02";"12326";"2015-01-02";"Portaria nº 824/2014 - DIREG/MEC";"ATIVO";"PAULA FERNANDA BRANDAO BATISTA DOS SANTOS";
"ENFERMAGEM";"SANTA CRUZ";"";"BACHARELADO";"Presencial";"FACULDADE DE CIÊNCIAS DA SAÚDE DO TRAIRI - FACISA";"Regular";"Ciências da Saúde";"";"108486";"2015-01-02";"Portaria nº 824/2014 - DIREG/MEC";"ATIVO";"LUCIANE PAULA BATISTA ARAUJO DE OLIVEIRA";
"ENGENHARIA AMBIENTAL";"NATAL";"";"BACHARELADO";"Presencial";"CENTRO DE TECNOLOGIA";"Anual";"Engenharias";"";"1159355";"2015-12-30";"Portaria nº 1098/2015 - DIREG/MEC";"ATIVO";"JOANA DARC FREIRE DE MEDEIROS";
"ENGENHARIA BIOMÉDICA";"NATAL";"";"BACHARELADO";"Presencial";"CENTRO DE TECNOLOGIA";"Regular";"Engenharias";"";"1154794";"2015-11-13";"Portaria nº 867/2015 - DIREG/MEC";"ATIVO";"KARILANY DANTAS COUTINHO";
"ENGENHARIA CIVIL";"NATAL";"";"BACHARELADO";"Presencial";"CENTRO DE TECNOLOGIA";"Regular";"Engenharias";"1960-01-02";"12339";"2015-12-30";"Portaria nº 1098/2015 - DIREG/MEC";"ATIVO";"MOACIR GUILHERMINO DA SILVA";
"ENGENHARIA DE ALIMENTOS";"NATAL";"";"BACHARELADO";"Presencial";"CENTRO DE TECNOLOGIA";"Regular";"Engenharias";"2020-01-01";"96878";"2015-12-30";"Portaria nº 1098/2015 - DIREG/MEC";"ATIVO";"BEATRIZ DE CASSIA MARTINS SALOMAO";
"ENGENHARIA DE AQUICULTURA";"NATAL";"";"BACHARELADO";"Presencial";"CENTRO DE BIOCIÊNCIAS";"Regular";"Ciências Biológicas";"";"1157867";"2015-01-22";"Portaria nº 44/2015 - DIREG/MEC";"ATIVO";"VIRGINIA MARIA CAVALARI HENRIQUES";
"ENGENHARIA DE COMPUTAÇÃO";"NATAL";"";"BACHARELADO";"Presencial";"CENTRO DE TECNOLOGIA";"Regular";"Engenharias";"1996-03-03";"18392";"2016-07-18";"Portaria nº 317/2016 - MEC";"ATIVO";"DIOGO PINHEIRO FERNANDES PEDROSA";
"ENGENHARIA DE MATERIAIS";"NATAL";"";"BACHARELADO";"Presencial";"CENTRO DE TECNOLOGIA";"Regular";"Engenharias";"1999-04-05";"20339";"2016-07-18";"Portaria nº 317/2016 - MEC";"ATIVO";"FABIANA VILLELA DA MOTTA";
"ENGENHARIA DE PETRÓLEO";"NATAL";"";"BACHARELADO";"Presencial";"CENTRO DE TECNOLOGIA";"Regular";"Engenharias";"";"1151610";"2015-12-30";"Portaria nº 1098/2015 - DIREG/MEC";"ATIVO";"JENNYS LOURDES MENESES BARILLAS";
"ENGENHARIA DE PRODUÇÃO";"NATAL";"";"BACHARELADO";"Presencial";"CENTRO DE TECNOLOGIA";"Regular";"Engenharias";"1998-03-03";"18853";"2016-12-15";"Portaria nº 797/2016 - MEC";"ATIVO";"WERNER KLEYSON DA SILVA SOARES";
"ENGENHARIA DE SOFTWARE";"NATAL";"";"BACHARELADO";"Presencial";"CENTRO DE CIÊNCIAS EXATAS E DA TERRA";"Regular";"Ciências Exatas e da Terra";"";"1113231";"2013-12-11";"Portaria nº 651/2013 - MEC";"ATIVO";"FERNANDO MARQUES FIGUEIRA FILHO";
"ENGENHARIA DE TELECOMUNICAÇÕES";"NATAL";"";"BACHARELADO";"Presencial";"CENTRO DE TECNOLOGIA";"Regular";"Engenharias";"";"1154401";"2015-11-13";"Portaria nº 867/2015 - DIREG/MEC";"ATIVO";"MARCIO EDUARDO DA COSTA RODRIGUES";
"ENGENHARIA ELÉTRICA";"NATAL";"";"BACHARELADO";"Presencial";"CENTRO DE TECNOLOGIA";"Regular";"Engenharias";"1969-04-02";"12340";"2016-12-15";"Portaria nº 797/2016 - MEC";"ATIVO";"CAIO DORNELES CUNHA";
"ENGENHARIA FLORESTAL";"MACAÍBA";"";"BACHARELADO";"Presencial";"ESCOLA AGRÍCOLA DE JUNDIAÍ";"Regular";"Engenharias";"";"116762";"2015-12-30";"Portaria nº 1098/2015 - DIREG/MEC";"ATIVO";"JULIANA LORENSI DO CANTO";
"ENGENHARIA MECÂNICA";"NATAL";"";"BACHARELADO";"Presencial";"CENTRO DE TECNOLOGIA";"Regular";"Engenharias";"1976-03-03";"12342";"2016-07-18";"Portaria nº 316/2016 - MEC";"ATIVO";"THERCIO HENRIQUE DE CARVALHO COSTA";
"ENGENHARIA MECATRÔNICA";"NATAL";"";"BACHARELADO";"Presencial";"CENTRO DE TECNOLOGIA";"Regular";"Engenharias";"";"1159084";"2015-12-02";"Portaria nº 933/2015 - DIREG/MEC";"ATIVO";"MARCIO VALERIO DE ARAUJO";
"ENGENHARIA QUÍMICA";"NATAL";"";"BACHARELADO";"Presencial";"CENTRO DE TECNOLOGIA";"Regular";"Engenharias";"1974-02-01";"12344";"2016-12-15";"Portaria nº 797/2016 - MEC";"ATIVO";"HUMBERTO NEVES MAIA DE OLIVEIRA";
"ENGENHARIA TÊXTIL";"NATAL";"";"BACHARELADO";"Presencial";"CENTRO DE TECNOLOGIA";"Regular";"Engenharias";"1998-03-03";"18854";"2005-12-15";"Portaria Nº 4.367/2005 - MEC";"ATIVO";"JOSE HERIBERTO OLIVEIRA DO NASCIMENTO";
"ESTATÍSTICA";"NATAL";"";"BACHARELADO";"Presencial";"CENTRO DE CIÊNCIAS EXATAS E DA TERRA";"Regular";"Ciências Exatas e da Terra";"1974-03-01";"12337";"2017-06-26";"Portaria nº 628";"ATIVO";"ANDRE LUIS SANTOS DE PINHO";
"FARMÁCIA";"NATAL";"";"BACHARELADO";"Presencial";"CENTRO DE CIÊNCIAS DA SAÚDE";"Regular";"Ciências da Saúde";"1923-01-08";"12328";"2015-01-02";"Portaria nº 824/2014 - DIREG/MEC";"ATIVO";"WALDENICE DE ALENCAR MORAIS";
"FILOSOFIA";"NATAL";"";"BACHARELADO";"Presencial";"CENTRO DE CIÊNCIAS HUMANAS, LETRAS E ARTES";"Regular";"Lingüística, Letras e Artes";"1980-01-02";"312321";"2015-12-30";"Portaria nº 1098/2015 - DIREG/MEC";"ATIVO";"EDUARDO ANIBAL PELLEJERO";
"FILOSOFIA";"NATAL";"";"LICENCIATURA";"Presencial";"CENTRO DE CIÊNCIAS HUMANAS, LETRAS E ARTES";"Regular";"Lingüística, Letras e Artes";"1980-01-02";"12321";"2016-12-15";"Portaria nº 797/2016 - MEC";"ATIVO";"SERGIO EDUARDO LIMA DA SILVA";
"FÍSICA";"NATAL";"";"LICENCIATURA";"A Distância";"CENTRO DE CIÊNCIAS EXATAS E DA TERRA";"Regular";"Ciências Exatas e da Terra";"1969-03-01";"99892";"2013-06-03";"Portaria nº 244/2013 - MEC";"ATIVO";"BRUNO LEONARDO CANTO MARTINS";
"FÍSICA";"NATAL";"";"BACHARELADO";"Presencial";"CENTRO DE CIÊNCIAS EXATAS E DA TERRA";"Regular";"Ciências Exatas e da Terra";"1969-03-01";"12334";"2015-12-30";"Portaria nº 1098/2015 - DIREG/MEC";"ATIVO";"LUIZ FELIPE CAVALCANTI PEREIRA";
"FÍSICA";"NATAL";"";"LICENCIATURA";"Presencial";"CENTRO DE CIÊNCIAS EXATAS E DA TERRA";"Regular";"Ciências Exatas e da Terra";"1969-03-01";"312334";"2015-12-30";"Portaria nº 1098/2015 - DIREG/MEC";"ATIVO";"JULIANA MESQUITA HIDALGO FERREIRA DRUMMOND";
"FISIOTERAPIA";"NATAL";"";"BACHARELADO";"Presencial";"CENTRO DE CIÊNCIAS DA SAÚDE";"Regular";"Ciências da Saúde";"1978-06-12";"12331";"2012-01-09";"Portaria nº 01/2012 - MEC";"ATIVO";"ALINE MEDEIROS CAVALCANTI DA FONSECA";
"FISIOTERAPIA";"SANTA CRUZ";"";"BACHARELADO";"Presencial";"FACULDADE DE CIÊNCIAS DA SAÚDE DO TRAIRI - FACISA";"Regular";"Ciências da Saúde";"";"116752";"2015-01-02";"Portaria nº 824/2014 - DIREG/MEC";"ATIVO";"KLAYTON GALANTE SOUSA";
"FONOAUDIOLOGIA";"NATAL";"";"BACHARELADO";"Presencial";"CENTRO DE CIÊNCIAS DA SAÚDE";"Regular";"Ciências da Saúde";"";"116764";"2015-01-02";"Portaria nº 824/2014 - DIREG/MEC";"ATIVO";"ANA MANHANI CACERES ASSENCO";
"GEOFÍSICA";"NATAL";"";"BACHARELADO";"Presencial";"CENTRO DE CIÊNCIAS EXATAS E DA TERRA";"Regular";"Ciências Exatas e da Terra";"2008-02-18";"113096";"2012-11-01";"Portaria nº 220/2012 - MEC";"ATIVO";"MILTON MORAIS XAVIER JUNIOR";
"GEOGRAFIA";"CAICÓ";"";"BACHARELADO";"Presencial";"CENTRO DE  ENSINO SUPERIOR DO SERIDÓ";"Regular";"Ciências Humanas";"1974-03-11";"1083438";"2015-12-30";"Portaria nº 1098/2015 - DIREG/MEC";"ATIVO";"SAULO ROBERTO DE OLIVEIRA VITAL";
"GEOGRAFIA";"NATAL";"";"LICENCIATURA";"Presencial";"CENTRO DE CIÊNCIAS HUMANAS, LETRAS E ARTES";"Regular";"Ciências Exatas e da Terra";"1956-03-07";"312323";"2015-12-30";"Portaria nº 1098/2015 - DIREG/MEC";"ATIVO";"ANELINO FRANCISCO DA SILVA";
"GEOGRAFIA";"NATAL";"";"LICENCIATURA";"A Distância";"CENTRO DE CIÊNCIAS HUMANAS, LETRAS E ARTES";"Regular";"Ciências Humanas";"2007-10-01";"111314";"2013-06-03";"Portaria nº 244/2013 - MEC";"ATIVO";"ORGIVAL BEZERRA DA NOBREGA JUNIOR";
"GEOGRAFIA";"CAICÓ";"";"LICENCIATURA";"Presencial";"CENTRO DE  ENSINO SUPERIOR DO SERIDÓ";"Regular";"Ciências Humanas";"1974-03-11";"12351";"2015-12-30";"Portaria nº 1098/2015 - DIREG/MEC";"ATIVO";"JEANE MEDEIROS SILVA";
"GEOGRAFIA";"NATAL";"";"BACHARELADO";"Presencial";"CENTRO DE CIÊNCIAS HUMANAS, LETRAS E ARTES";"Regular";"Ciências Exatas e da Terra";"1956-03-07";"12323";"2016-12-15";"Portaria nº 797/2016 - MEC";"ATIVO";"MARCELO DOS SANTOS CHAVES";
"GEOLOGIA";"NATAL";"";"BACHARELADO";"Presencial";"CENTRO DE CIÊNCIAS EXATAS E DA TERRA";"Regular";"Ciências Exatas e da Terra";"1976-06-12";"12336";"1982-06-03";"PORTARIA Nº 193 - MEC";"ATIVO";"HEITOR NEVES MAIA";
"GESTÃO DE COOPERATIVAS";"NATAL";"";"TECNOLÓGICO";"Presencial";"CENTRO DE CIÊNCIAS SOCIAIS APLICADAS";"Temporário";"Ciências Sociais Aplicadas";"";"1259743";"2015-12-24";"Portaria nº 1033/2015 - DIREG/MEC";"ATIVO";"WASHINGTON JOSE DE SOUSA";
"GESTÃO DE POLÍTICAS PÚBLICAS";"NATAL";"";"BACHARELADO";"Presencial";"CENTRO DE CIÊNCIAS HUMANAS, LETRAS E ARTES";"Regular";"Ciências Humanas";"";"116928";"2013-11-20";"Portaria nº 603/2013 - MEC";"ATIVO";"JOANA TEREZA VAZ DE MOURA";
"GESTÃO EM SISTEMAS E SERVIÇOS DE SAÚDE";"NATAL";"";"BACHARELADO";"Presencial";"CENTRO DE CIÊNCIAS DA SAÚDE";"Regular";"Ciências da Saúde";"";"116778";"2014-05-21";"Portaria nº 309/2014 - DIREG/MEC";"ATIVO";"DYEGO LEANDRO BEZERRA DE SOUZA";
"GESTÃO HOSPITALAR";"NATAL";"";"TECNOLÓGICO";"Presencial";"ESCOLA DE SAÚDE";"Regular";"Ciências da Saúde";"2020-01-01";"1109331";"2015-01-02";"Portaria nº 824/2014 - DIREG/MEC";"ATIVO";"THEO DUARTE DA COSTA";
"GESTÃO PÚBLICA";"NATAL";"";"TECNOLÓGICO";"Presencial";"CENTRO DE CIÊNCIAS SOCIAIS APLICADAS";"Regular";"Ciências Sociais Aplicadas";"2020-01-01";"1109330";"2011-12-22";"Portaria nº 488/2011 - MEC";"ATIVO";"";
"GESTÃO PÚBLICA";"CAICÓ";"";"TECNOLÓGICO";"A Distância";"CENTRO DE  ENSINO SUPERIOR DO SERIDÓ";"Temporário";"Ciências Sociais Aplicadas";"";"1333454";"2016-06-16";"Portaria nº 205/2016 - MEC";"ATIVO";"";
"HISTÓRIA";"NATAL";"";"BACHARELADO";"Presencial";"CENTRO DE CIÊNCIAS HUMANAS, LETRAS E ARTES";"Regular";"Ciências Humanas";"1957-03-07";"1113228";"1959-09-16";"Decreto nº 46.868";"ATIVO";"SEBASTIAO LEAL FERREIRA VARGAS NETTO";
"HISTÓRIA";"CAICÓ";"";"BACHARELADO";"Presencial";"CENTRO DE  ENSINO SUPERIOR DO SERIDÓ";"Regular";"Ciências Humanas";"1974-03-11";"1083431";"2012-12-31";"PORTARIA N° 304/2012 - MEC";"ATIVO";"FABIO MAFRA BORGES";
"HISTÓRIA";"NATAL";"";"LICENCIATURA";"Presencial";"CENTRO DE CIÊNCIAS HUMANAS, LETRAS E ARTES";"Regular";"Ciências Humanas";"1957-03-07";"12324";"2015-12-30";"Portaria nº 1098/2015 - DIREG/MEC";"ATIVO";"FRANCISCA AURINETE GIRAO BARRETO DA SILVA";
"HISTÓRIA";"CAICÓ";"";"LICENCIATURA";"Presencial";"CENTRO DE  ENSINO SUPERIOR DO SERIDÓ";"Regular";"Ciências Humanas";"1974-03-11";"12350";"2015-12-30";"Portaria nº 1098/2015 - DIREG/MEC";"ATIVO";"ANTONIO MANOEL ELIBIO JUNIOR";
"HISTÓRIA -";"NATAL";"";"LICENCIATURA";"A Distância";"CENTRO DE CIÊNCIAS HUMANAS, LETRAS E ARTES";"Regular";"Ciências Humanas";"";"1299294";"";"";"ATIVO";"WICLIFFE DE ANDRADE COSTA";
"JORNALISMO";"NATAL";"";"BACHARELADO";"Presencial";"CENTRO DE CIÊNCIAS HUMANAS, LETRAS E ARTES";"Regular";"Ciências Humanas";"";"29462";"";"";"ATIVO";"KENIA BEATRIZ FERREIRA MAIA";
"LETRAS";"NATAL";"";"LICENCIATURA";"A Distância";"CENTRO DE CIÊNCIAS HUMANAS, LETRAS E ARTES";"Regular";"Lingüística, Letras e Artes";"";"1170261";"2015-11-30";"Portaria nº 922/2015 - DIREG/MEC";"ATIVO";"ANA VIRGINIA LIMA DA SILVA ROCHA";
"LETRAS - FRANCÊS";"NATAL";"";"LICENCIATURA";"Presencial";"CENTRO DE CIÊNCIAS HUMANAS, LETRAS E ARTES";"Regular";"Lingüística, Letras e Artes";"";"32296";"2012-12-27";"Portaria nº 286/2012 - MEC";"ATIVO";"TAMARA MARIA COSTA E SILVA N DE ABREU";
"LETRAS - INGLÊS";"NATAL";"";"LICENCIATURA";"Presencial";"CENTRO DE CIÊNCIAS HUMANAS, LETRAS E ARTES";"Regular";"Lingüística, Letras e Artes";"";"34277";"2015-12-30";"Portaria nº 1098/2015 - DIREG/MEC";"ATIVO";"ORISON MARDEN BANDEIRA DE MELO JUNIOR";
"LETRAS - LÍNGUA ESPANHOLA";"CURRAIS NOVOS";"";"LICENCIATURA";"Presencial";"CENTRO DE  ENSINO SUPERIOR DO SERIDÓ";"Regular";"Lingüística, Letras e Artes";"";"116626";"2012-05-30";"Artigo 63 da Portaria Normativa nº 40 - MEC - Proc. EMEC Nº 201204038";"ATIVO";"SEBASTIAO AUGUSTO RABELO";
"LETRAS - LÍNGUA ESPANHOLA";"NATAL";"";"LICENCIATURA";"Presencial";"CENTRO DE CIÊNCIAS HUMANAS, LETRAS E ARTES";"Regular";"Lingüística, Letras e Artes";"";"116564";"2015-12-30";"Portaria nº 1098/2015 - DIREG/MEC";"ATIVO";"FRANCISCO ERNESTO ZARAGOZA ZALDIVAR";
"LETRAS - LÍNGUA PORTUGUESA";"NATAL";"";"LICENCIATURA";"Presencial";"CENTRO DE CIÊNCIAS HUMANAS, LETRAS E ARTES";"Regular";"Ciências Humanas";"";"31160";"2015-12-30";"Portaria nº 1098/2015 - DIREG/MEC";"ATIVO";"MAHAYANA CRISTINA GODOY";
"LETRAS - LÍNGUA PORTUGUESA";"CURRAIS NOVOS";"";"LICENCIATURA";"Presencial";"CENTRO DE  ENSINO SUPERIOR DO SERIDÓ";"Regular";"Lingüística, Letras e Artes";"";"110830";"2009-07-16";"Artigo 63 da Portaria Normativa nº 40 - MEC - Proc. EMEC Nº 200906664";"ATIVO";"HELIO DIAS FURTADO";
"LETRAS - LÍNGUA PORTUGUESA E LIBRAS";"NATAL";"";"LICENCIATURA";"Presencial";"CENTRO DE CIÊNCIAS HUMANAS, LETRAS E ARTES";"Regular";"Lingüística, Letras e Artes";"";"1279038";"2016-09-20";"Artigo 63 da Portaria Normativa nº 40 - MEC - Proc. EMEC nº 201609098.";"ATIVO";"LARALIS NUNES DE SOUSA OLIVEIRA";
"LICENCIATURA EM CIÊNCIAS SOCIAIS";"NATAL";"PRONERA";"LICENCIATURA";"Presencial";"CENTRO DE CIÊNCIAS HUMANAS, LETRAS E ARTES";"Temporário";"Ciências Humanas";"";"12315";"";"";"ATIVO";"CESAR SANSON";
"MATEMÁTICA";"NATAL";"";"LICENCIATURA";"A Distância";"CENTRO DE CIÊNCIAS EXATAS E DA TERRA";"Regular";"Ciências Exatas e da Terra";"2020-01-01";"99898";"2013-06-03";"Portaria nº 244/2013 - MEC";"ATIVO";"VIVIANE KLEIN";
"MATEMÁTICA";"NATAL";"";"BACHARELADO";"Presencial";"CENTRO DE CIÊNCIAS EXATAS E DA TERRA";"Regular";"Ciências Exatas e da Terra";"1969-08-01";"12333";"2016-12-15";"Portaria nº 797/2016 - MEC";"ATIVO";"ROBERTO TEODORO GURGEL DE OLIVEIRA";
"MATEMÁTICA";"CAICÓ";"";"LICENCIATURA";"Presencial";"CENTRO DE  ENSINO SUPERIOR DO SERIDÓ";"Regular";"Ciências Exatas e da Terra";"1979-07-20";"12354";"2015-12-30";"Portaria nº 1098/2015 - DIREG/MEC";"ATIVO";"ADRIANO THIAGO LOPES BERNARDINO";
"MATEMÁTICA";"NATAL";"";"LICENCIATURA";"Presencial";"CENTRO DE CIÊNCIAS EXATAS E DA TERRA";"Regular";"Ciências Exatas e da Terra";"1969-08-01";"312333";"2016-12-15";"Portaria nº 797/2016 - MEC";"ATIVO";"MARCONIO SILVA DOS SANTOS";
"MATEMÁTICA";"NATAL";"PARFOR";"LICENCIATURA";"Presencial";"CENTRO DE CIÊNCIAS EXATAS E DA TERRA";"Semestral";"Ciências Exatas e da Terra";"";"";"2012-12-27";"Portaria nº 286/2012 - MEC";"ATIVO";"MANUEL CLAUDEMIR SILVA CALDAS";
"MEDICINA";"NATAL";"";"BACHARELADO";"Presencial";"CENTRO DE CIÊNCIAS DA SAÚDE";"Regular";"Ciências da Saúde";"1956-03-01";"12345";"1958-03-17";"DECRETO Nº 42.923";"ATIVO";"FRANCISCO PIGNATARO LIMA";
"MEDICINA";"CAICÓ";"";"BACHARELADO";"Presencial";"ESCOLA MULTICAMPI DE CIÊNCIAS MÉDICAS DO RIO GRANDE DO NORTE";"Regular";"Ciências da Saúde";"";"1202546";"2014-05-13";"Portaria nº 274/2014 - SERES/MEC";"ATIVO";"JANE CRISTINA MEDEIROS";
"METEOROLOGIA";"NATAL";"";"BACHARELADO";"Presencial";"CENTRO DE CIÊNCIAS EXATAS E DA TERRA";"Anual";"Ciências Exatas e da Terra";"";"1268383";"2013-11-20";"RESOLUÇÃO Nº 180/2013-CONSEPE";"ATIVO";"CLAUDIO MOISES SANTOS E SILVA";
"MÚSICA";"NATAL";"";"BACHARELADO";"Presencial";"ESCOLA DE MÚSICA";"Regular";"Lingüística, Letras e Artes";"2020-01-01";"24803";"2002-01-21";"Portaria nº 131/2002 - MEC";"ATIVO";"VALERIA LAZARO DE CARVALHO";
"MÚSICA";"NATAL";"";"LICENCIATURA";"Presencial";"ESCOLA DE MÚSICA";"Regular";"Lingüística, Letras e Artes";"2020-01-01";"18395";"2015-12-30";"Portaria nº 1098/2015 - DIREG/MEC";"ATIVO";"DANILO CESAR GUANAIS DE OLIVEIRA";
"NUTRIÇÃO";"SANTA CRUZ";"";"BACHARELADO";"Presencial";"FACULDADE DE CIÊNCIAS DA SAÚDE DO TRAIRI - FACISA";"Regular";"Ciências da Saúde";"";"116754";"2015-01-02";"Portaria nº 824/2014 - DIREG/MEC";"ATIVO";"KATYA ANAYA JACINTO";
"NUTRIÇÃO";"NATAL";"";"BACHARELADO";"Presencial";"CENTRO DE CIÊNCIAS DA SAÚDE";"Regular";"Ciências da Saúde";"1977-02-24";"12329";"2015-01-02";"Portaria nº 824/2014 - DIREG/MEC";"ATIVO";"CELIA MARCIA MEDEIROS DE MORAIS";
"ODONTOLOGIA";"NATAL";"";"BACHARELADO";"Presencial";"CENTRO DE CIÊNCIAS DA SAÚDE";"Regular";"Ciências da Saúde";"1947-02-02";"12330";"2015-01-02";"Portaria nº 824/2014 - DIREG/MEC";"ATIVO";"MARIA CRISTINA DOS SANTOS MEDEIROS";
"PEDAGOGIA";"NATAL";"";"LICENCIATURA";"Presencial";"CENTRO DE EDUCAÇÃO";"Regular";"Ciências Sociais Aplicadas";"1970-03-01";"20938";"2015-12-30";"Portaria nº 1098/2015 - DIREG/MEC";"ATIVO";"MERCIA DE OLIVEIRA PONTES";
"PEDAGOGIA";"CAICÓ";"";"LICENCIATURA";"Presencial";"CENTRO DE  ENSINO SUPERIOR DO SERIDÓ";"Regular";"Ciências Sociais Aplicadas";"1974-03-11";"12353";"2015-12-30";"Portaria nº 1098/2015 - DIREG/MEC";"ATIVO";"TANIA CRISTINA MEIRA GARCIA";
"PEDAGOGIA";"NATAL";"";"LICENCIATURA";"A Distância";"CENTRO DE EDUCAÇÃO";"Regular";"Lingüística, Letras e Artes";"";"1193519";"2016-05-12";"Portaria nº 191/2016 - MEC";"ATIVO";"FLAVIO BOLEIZ JUNIOR";
"PSICOLOGIA";"SANTA CRUZ";"";"BACHARELADO";"Presencial";"FACULDADE DE CIÊNCIAS DA SAÚDE DO TRAIRI - FACISA";"Anual";"Ciências Sociais Aplicadas";"";"1279922";"";"";"ATIVO";"PABLO DE SOUSA SEIXAS";
"PSICOLOGIA";"NATAL";"";"BACHARELADO";"Presencial";"CENTRO DE CIÊNCIAS HUMANAS, LETRAS E ARTES";"Regular";"Ciências Humanas";"1997-03-03";"12316";"1976-09-15";"RESOLUÇÃO Nº. 27/76 - CONSUNI";"ATIVO";"CYNARA CARVALHO DE ABREU";
"QUÍMICA";"NATAL";"";"LICENCIATURA";"A Distância";"CENTRO DE CIÊNCIAS EXATAS E DA TERRA";"Regular";"Ciências Exatas e da Terra";"2020-01-01";"99896";"2013-06-03";"Portaria nº 244/2013 - MEC";"ATIVO";"NEDJA SUELY FERNANDES";
"QUÍMICA";"NATAL";"";"BACHARELADO";"Presencial";"CENTRO DE CIÊNCIAS EXATAS E DA TERRA";"Regular";"Ciências Exatas e da Terra";"1970-03-03";"12335";"2016-12-15";"Portaria nº 797/2016 - MEC";"ATIVO";"FABIANO DO ESPIRITO SANTO GOMES";
"QUÍMICA";"NATAL";"";"LICENCIATURA";"Presencial";"CENTRO DE CIÊNCIAS EXATAS E DA TERRA";"Regular";"Ciências Exatas e da Terra";"1970-03-03";"312335";"2015-12-30";"Portaria nº 1098/2015 - DIREG/MEC";"ATIVO";"FABIANO DO ESPIRITO SANTO GOMES";
"QUÍMICA DO PETRÓLEO";"NATAL";"";"BACHARELADO";"Presencial";"CENTRO DE CIÊNCIAS EXATAS E DA TERRA";"Regular";"Ciências Exatas e da Terra";"2008-02-18";"113098";"2012-10-03";"Portaria nº 190/2012 - MEC";"ATIVO";"FABIANO DO ESPIRITO SANTO GOMES";
"SERVIÇO SOCIAL";"NATAL";"";"BACHARELADO";"Presencial";"CENTRO DE CIÊNCIAS SOCIAIS APLICADAS";"Regular";"Ciências Sociais Aplicadas";"1945-03-02";"12325";"2015-01-02";"Portaria nº 824/2014 - DIREG/MEC";"ATIVO";"MIRIAM DE OLIVEIRA INACIO";
"SISTEMAS DE INFORMAÇÃO";"CAICÓ";"";"BACHARELADO";"Presencial";"CENTRO DE  ENSINO SUPERIOR DO SERIDÓ";"Regular";"Ciências Exatas e da Terra";"";"116770";"2015-12-30";"Portaria nº 1098/2015 - DIREG/MEC";"ATIVO";"ALMIR MIRANDA FERREIRA";
"TEATRO";"NATAL";"";"LICENCIATURA";"Presencial";"CENTRO DE CIÊNCIAS HUMANAS, LETRAS E ARTES";"Regular";"Lingüística, Letras e Artes";"2020-01-01";"108336";"2013-11-22";"Portaria nº 618/2013 - MEC";"ATIVO";"NARA GRACA SALLES";
"TECNOLOGIA DA INFORMAÇÃO";"NATAL";"";"BACHARELADO";"Presencial";"INSTITUTO METROPOLE DIGITAL";"Regular";"Ciências Exatas e da Terra";"";"1190414";"2016-05-02";"Portaria nº 127/2016 - MEC";"ATIVO";"GUSTAVO GIRAO BARRETO DA SILVA";
"TURISMO";"NATAL";"";"BACHARELADO";"Presencial";"CENTRO DE CIÊNCIAS SOCIAIS APLICADAS";"Regular";"Ciências Sociais Aplicadas";"1997-03-03";"18394";"2017-04-04";"Portaria nº 272/2017 - MEC";"ATIVO";"MICHEL JAIRO VIEIRA DA SILVA";
"TURISMO";"CURRAIS NOVOS";"";"BACHARELADO";"Presencial";"CENTRO DE  ENSINO SUPERIOR DO SERIDÓ";"Regular";"Ciências Sociais Aplicadas";"2020-01-01";"108348";"2017-04-04";"Portaria nº 272/2017 - MEC";"ATIVO";"CAROLINA TODESCO";
"ZOOTECNIA";"MACAÍBA";"";"BACHARELADO";"Presencial";"ESCOLA AGRÍCOLA DE JUNDIAÍ";"Regular";"Ciências Agrárias";"";"5000969";"2015-01-02";"Portaria nº 824/2014 - DIREG/MEC";"ATIVO";"LUIS HENRIQUE FERNANDES BORBA";
