"id_componente";"tipo_componente";"codigo";"nivel";"nome";"unidade_responsavel";"ch_teorico";"ch_pratico";"ch_estagio";"ch_total";"ch_dedicada_docente";"ch_ead";"ementa";"bibliografia";"equivalencia";"pre_requisito";"co_requisito";"objetivos";"conteudo";"competencias_habilidades";"referencias";"ano_programa";"periodo_programa";"procedimentos_avaliacao";"modalidade";"curso_componente"
"54409";"MODULO";"EM 2143";"L";"Pedagogia e Fazeres em Educação Musical IV";"ESCOLA DE MÚSICA";"40";"0";"0";"40";"0";"0";"Concepção e execução de musicais didáticos como recurso para a vivência artística e aprendizagem musical. Elaboração de roteiros, montagem de repertório, preparação coreográfica e musical dos alunos.";"";"";"";"";"";"";"";"";"";"";"";"Semi-Presencial";"ENSINO DE ARTES NA EDUCAÇÃO BASICA: MUSICA"
"54410";"MODULO";"EM 2144";"L";"Pesquisa em Música I";"ESCOLA DE MÚSICA";"40";"0";"0";"40";"0";"0";"Os fundamentos, as principais definições metodológicas, a elaboração e a estruturação da ciência, do conhecimento e da pesquisa. O entendimento e organização do conhecimento científico e sua produção na universidade; aplicação das normas para elaboração e redação de trabalhos científicos.";"";"";"";"";"Proporcionar ao aluno fundamentos e caminhos possíveis para a pesquisa científica, incentivando a reflexão e uma nova perspectiva sobre o contexto em que se inserem e sobre o mundo: um olhar científico, disciplinado, curioso, indagador e criativo.";"-          Conceito de conhecimento, pesquisa e ciência;
-          Tipos de conhecimento;
-          Elementos filosóficos e epistemológicos necessários a iniciação científica;
-          Conhecendo a Universidade;
-          A ciência, o sistema de comunicação científica e a literatura científica;
-          Organização da vida de estudos na Universidade
-          Pesquisa quantitativa e qualitativa
-          Como elaborar trabalhos de pesquisa;
-          Apresentação formal do trabalho acadêmico;
-          Citações;
-          Normas para publicações;
-       Normas para apresentação de trabalhos científicos";" -          Ser capaz de compreender elementos sobre a construção do conhecimento, da pesquisa e da ciência;
-          Ser capaz de identificar os elementos filosóficos e epistemológicos necessários a iniciação científica;
-          Identificar as formas de construção de conhecimento oferecidas pela universidade e os modos de organização da vida acadêmica;
-          Ser capaz de utilizar o sistema de comunicação científica e a literatura científica da área de música e afins;
-          Ser capaz de construir argumentos e debater com propriedade sobre os tópicos estudados;
-          Elaborar trabalhos de pesquisa como resenhas, resumos e estruturas de tópicos;
-          Ser capaz de apresentar formalmente trabalhos acadêmicos através de exposições em formato oral e/ou escrito. ";"";"2013";"2";"";"Semi-Presencial";"ENSINO DE ARTES NA EDUCAÇÃO BASICA: MUSICA"
"54411";"MODULO";"EM 2145";"L";"O ENSINO DE MÚSICA NA CONTEMPORANEIDADE";"ESCOLA DE MÚSICA";"40";"0";"0";"40";"0";"0";"Os paradigmas contemporâneos para a Educação Musical e o papel do professor. Concepções e perspectivas para o Ensino de Música.";"";"";"";"";"Os paradigmas contemporâneos para a Educação Musical e o papel do professor. Concepções e perspectivas para o Ensino de Música.";". considerações sobre as grandes mudanças ocorridas no século XX em todos os campos do saber.
. novos modos de compreender e aprender
. influência das condições apontadas no ensino de música
. organização dos conteúdos em formato não linear; a formações de redes dentro de redes. 
. desenvolvimento da capacidade de escuta
	. sentidos  janelas para o mundo
	. a escuta sensível
. O papel do jogo na educação musical
.  abordagens criativas em educação musical  retrospectiva a partir do pensamento de educadores musicais das décadas de 1960 e 70.
. laboratórios de criação musical:
	. observação de aspectos materiais; 
	. busca de sentidos pessoais a partir da observação
	. busca da expressão poética
	. busca da expressão musical
	. da expressão individual à expressão coletiva  construção de pequenas obras musicais.
. reflexão a respeito dsos conteúdos desenvolvidos. ";"Consciência das alterações nos modos de compreender e aprender característicos da contemporaneidade e percepção de como essas transformações se mostram na realidade escolar.  Percepção do distanciamento via de regra  existente entre professor e alunos, e busca de pontes que fortaleçam a relação professor/aluno/instituição de ensino, a partir do desenvolvimento de propostas criativas.  ";"";"2013";"2";"";"Semi-Presencial";"ENSINO DE ARTES NA EDUCAÇÃO BASICA: MUSICA"
"54412";"MODULO";"EM 2146";"L";"Ensino de Música e o Contexto Escolar";"ESCOLA DE MÚSICA";"40";"0";"0";"40";"0";"0";"Os aspectos teórico-metodológicos no Ensino de Música na Educação Básica. Aprofundamento sobre as especificidades no Ensino de Música na Educação infantil; no Ensino fundamental I e II e no Ensino Médio.";"";"";"";"";"Os aspectos teórico-metodológicos no Ensino de Música na Educação Básica. Aprofundamento sobre as especificidades no Ensino de Música na Educação infantil; no Ensino fundamental I e II e no Ensino Médio.";"Os aspectos teórico-metodológicos no Ensino de Música na Educação Básica
	Educação Musical: algumas (des)orientações
	Aspectos legais do Ensino de Música na Escola
	Professores de Música na escola: um espaço de atuação profissional
	A voz como instrumento de mediação do professor de música
Educação Musical na Educação Básica
	Educação básica: que espaço é este;
	Desafios de ensinar música na sala de aula;
	Planejamento de ensino e aula de música;
Educação Musical na Educação Infantil
	A infância do cuidar e do brincar: aprendendo
	Planejamentos de aulas para a infância
	Repertórios e jogos musicais
	Professor unidocente e professor especialista
Educação Musical no Ensino Fundamental (1º ao 5º ano e 6º ao 9º ano)
	Iniciando a escolarização: ler, escrever, etc
	Planejamentos de aulas para a infância
	Repertórios e jogos musicais
	Professor unidocente e professor especialista
Educação Musical no Ensino Médio
	O contexto do ensino médio
	Aula de música no ensino médio
	Repertórios
Pensando em pesquisas no contexto da educação básica
	temas,
	métodos.";"Percepção de pontos de contato e de distanciamento entre os diferentes níveis de ensino com relação a aula de música na educação básica. Compreensão do profissional-professor de música em um contexto de ensino: educação básica. Compreensão de formas de produção de planejamentos para cada um destes níveis. Realização de performances musicais em grupo que provoquem a relação com pensar acerca da produção do aluno. ";"";"2013";"2";"";"Semi-Presencial";"ENSINO DE ARTES NA EDUCAÇÃO BASICA: MUSICA"
"54415";"MODULO";"EM 2147";"L";"PEDAGOGIA E FAZERES EM EDUCAÇÃO MUSICAL I";"ESCOLA DE MÚSICA";"40";"0";"0";"40";"0";"0";"Vivências rítmico-sonoras em educação musical. A utilização do corpo como recurso para a aprendizagem musical. Utilização de Jogos musicais como ferramentas para o ensino-aprendizagem de música.";"";"";"";"";"*	Analisar e discutir os pressupostos teóricos e metodológicos do ensino da Música, buscando redefinições no fazer pedagógico. 
*	Desenvolver um processo de discussão sobre os fundamentos da corporeidade na educação musical, estabelecendo articulações entre educação, corporeidade e ensino de música.";"* Tópicos em educação musical:
Aprofundamento da compreensão dos vários modos de apresentação da música enquanto processo dinâmico na educação musical: vivências rítimico-sonoras enquanto ferramentas propositoras para o ensino-aprendizagem da música na escola.
";"*	Compreender os pressupostos teóricos e metodológicos do ensino da Música;
*	Redefinir seu fazer pedagógico à luz das novas propostas de ensino e aprendizagem;
*	Estabelecer articulações entre educação, corporeidade e o ensino de música no contexto escolar.";"";"2013";"2";"";"Semi-Presencial";"ENSINO DE ARTES NA EDUCAÇÃO BASICA: MUSICA"
"54419";"MODULO";"DMP0001";"L";"LEITURA E PRODUÇÃO DE TEXTOS EM EDUCAÇÃO AMBIENTAL";"DEPARTAMENTO DE MICROBIOLOGIA E PARASITOLOGIA";"36";"9";"0";"45";"0";"0";"Gêneros e tipos textuais. Estratégias de leitura. Erros gramaticais mais comuns. Estrutura da dissertação: conteúdo da introdução, desenvolvimento e conclusão. Elementos de coerência aplicados ao texto dissertativo. Conectores coesivos e sua aplicação na argumentação. Referência textual.";"";"";"";"";"";"";"";"";"";"";"";"Semi-Presencial";"EDUCAÇÃO AMBIENTAL PARA ESCOLAS SUSTENTÁVEIS"
"54420";"MODULO";"DMP0002";"L";"INTRODUÇÃO A EDUCAÇÃO AMBIENTAL";"DEPARTAMENTO DE MICROBIOLOGIA E PARASITOLOGIA";"36";"9";"0";"45";"0";"0";"Origens do conceito de sustentabilidade. EA e desenvolvimento sustentável. História da EA. Movimento ambiental. Eventos importantes de Educação Ambiental e documentos gerados. Institucionalização da EA no Brasil e no MEC. Programas de EA para as escolas (Com-Vida na escola; Coletivos Jovens na escola; redes de educadores ambientais). ";"";"";"";"";"";"";"";"";"";"";"";"Semi-Presencial";"EDUCAÇÃO AMBIENTAL PARA ESCOLAS SUSTENTÁVEIS"
"54421";"MODULO";"DMP0003";"L";"METODOLOGIA DO TRABALHO CIENTÍFICO";"DEPARTAMENTO DE MICROBIOLOGIA E PARASITOLOGIA";"36";"9";"0";"45";"0";"0";"Fundamentos da metodologia científica. A comunicação científica. Métodos e técnicas de pesquisa. O projeto de pesquisa/intervenção. A organização de texto científico. Normas da ABNT. Normas para elaboração de trabalhos acadêmicos. Concepção e produção de material didático. ";"";"";"";"";"";"";"";"";"";"";"";"Semi-Presencial";"EDUCAÇÃO AMBIENTAL PARA ESCOLAS SUSTENTÁVEIS"
"54422";"MODULO";"DMP0004";"L";"DESENVOLVIMENTO DE PROJETOS SOCIOAMBIENTAIS NA ESCOLA";"DEPARTAMENTO DE MICROBIOLOGIA E PARASITOLOGIA";"36";"9";"0";"45";"0";"0";"Metodologias de Pesquisa participativa. Percepção Ambiental. Os saberes necessários à educação do futuro. Gestão escolar, currículo e escolas sustentáveis. Projeto político pedagógico e EA Escolar. Plano de ação da proposta de aplicação no ambiente escolar. ";"";"";"";"";"";"";"";"";"";"";"";"Semi-Presencial";"EDUCAÇÃO AMBIENTAL PARA ESCOLAS SUSTENTÁVEIS"
"54423";"MODULO";"DMP0005";"L";"EDUCAÇÃO AMBIENTAL PARA A SUSTENTABILIDADE";"DEPARTAMENTO DE MICROBIOLOGIA E PARASITOLOGIA";"36";"9";"0";"45";"0";"0";"Conceitos básicos de ecologia. Poluição do solo, do ar e da água. A água no contexto da sustentabilidade. Educação Ambiental no contexto do ensino formal. EA nos livros didáticos. EA e mudança de paradigma. EA e escolas sustentáveis.";"";"";"";"";"";"";"";"";"";"";"";"Semi-Presencial";"EDUCAÇÃO AMBIENTAL PARA ESCOLAS SUSTENTÁVEIS"
"54424";"MODULO";"DMP0006";"L";"EPISTEMOLOGIA DA EDUCAÇÃO AMBIENTAL";"DEPARTAMENTO DE MICROBIOLOGIA E PARASITOLOGIA";"36";"9";"0";"45";"0";"0";"Interdisciplinaridade, ambiente e desenvolvimento sustentável. O saber ambiental e a sociologia do conhecimento. Saber ambiental: Do conhecimento ao diálogo de saberes. Dialética e totalidade. Ecologia e sistema. EA e suas relações com a cultura.";"";"";"";"";"";"";"";"";"";"";"";"Semi-Presencial";"EDUCAÇÃO AMBIENTAL PARA ESCOLAS SUSTENTÁVEIS"
"54425";"MODULO";"DMP0007";"L";"TEMAS AMBIENTAIS";"DEPARTAMENTO DE MICROBIOLOGIA E PARASITOLOGIA";"36";"9";"0";"45";"0";"0";"Resíduos Sólidos: dimensões práticas, ambientais e sociais. Doenças de veiculação hídrica. Tecnologia, vida e saúde. Legislação ambiental e políticas públicas.";"";"";"";"";"";"";"";"";"";"";"";"Semi-Presencial";"EDUCAÇÃO AMBIENTAL PARA ESCOLAS SUSTENTÁVEIS"
"54426";"MODULO";"DMP0008";"L";"PROJETOS, RELATÓRIOS E SEMINÁRIOS, EM EDUCAÇÃO AMBIENTAL";"DEPARTAMENTO DE MICROBIOLOGIA E PARASITOLOGIA";"90";"0";"0";"90";"0";"0";"Execução de projetos socioambientais. Atividades interdisciplinares em EA. Seminários em EA: Mudanças climáticas, biodiversidade, desmatamentos, geração de energia e energias limpas.";"";"";"";"";"";"";"";"";"";"";"";"Semi-Presencial";"EDUCAÇÃO AMBIENTAL PARA ESCOLAS SUSTENTÁVEIS"
"54447";"MODULO";"DMP0009";"L";"TEMAS AMBIENTAIS";"DEPARTAMENTO DE MICROBIOLOGIA E PARASITOLOGIA";"36";"9";"0";"45";"0";"0";"Resíduos Sólidos: dimensões práticas, ambientais e sociais. Doenças de veiculação hídrica. Tecnologia, vida e saúde. Legislação ambiental e políticas públicas.";"";"";"";"";"";"";"";"";"";"";"";"Semi-Presencial";"EDUCAÇÃO AMBIENTAL PARA ESCOLAS SUSTENTÁVEIS"
"54526";"MODULO";"SUP0001";"L";"DESENVOLVIMENTO PARA DISPOSITIVOS MÓVEIS";"SUPERINTENDÊNCIA DE INFORMÁTICA";"30";"0";"0";"30";"0";"0";"Introdução ao Android. Ambiente de desenvolvimento. Interface Gráfica em Android. Componentes do Android: Activities, Services, Broadcast Receivers e Content Providers. Manipulação de Dados (Arquivos, Banco de Dados e Resources). Conectividade Web. Distribuição de Aplicações. Desenvolvimento com uso de Fragmentos. Concorrência no Android: Threads, Processos e AsyncTask. Desenvolvimento de Widgets. Comparação com outras plataformas (iOS, Windows Phone, HTML 5, etc.). Aplicativos móveis nos sistemas UFRN.";"";"";"";"";"";"";"";"";"";"";"";"Semi-Presencial";"RESIDÊNCIA EM DESENVOLVIMENTO DE SISTEMAS UFRN"
"54531";"MODULO";"SUP0002";"L";"SISTEMAS DE INFORMAÇÃO DA UFRN";"SUPERINTENDÊNCIA DE INFORMÁTICA";"30";"0";"0";"30";"0";"0";"Introdução a sistemas de informação. Processo gerencial através dos sistemas UFRN. Estruturação e módulos dos sistemas UFRN.
";"";"";"";"";"";"";"";"";"";"";"";"Semi-Presencial";"RESIDÊNCIA EM DESENVOLVIMENTO DE SISTEMAS UFRN"
"54532";"MODULO";"SUP0003";"L";"BANCO DE DADOS E BI APLICADOS NOS SISTEMAS UFRN";"SUPERINTENDÊNCIA DE INFORMÁTICA";"30";"0";"0";"30";"0";"0";"Modelagem de Dados ER e Relacional. Mapeamento ER Relacional e Normalização. SQL. DAO. Java Persistence API. Hibernate: Objetos e Atributos, relacionamentos, consultas. Business intelligence e sistemas de apoio a decisão. Data warehousing e mineração de dados. Preparação e exploração de dados. Aplicações de business intelligence nos sistemas UFRN.
";"";"";"";"";"";"";"";"";"";"";"";"Semi-Presencial";"RESIDÊNCIA EM DESENVOLVIMENTO DE SISTEMAS UFRN"
"54533";"MODULO";"SUP0004";"L";"TECNOLOGIAS MÓVEIS PARA OS SISTEMAS UFRN";"SUPERINTENDÊNCIA DE INFORMÁTICA";"30";"0";"0";"30";"0";"0";"Introdução ao Android. Ambiente de desenvolvimento. Interface Gráfica em Android. Componentes do Android: Activities, Services, Broadcast Receivers e Content Providers. Manipulação de Dados (Arquivos, Banco de Dados e Resources). Conectividade Web. Distribuição de Aplicações. Desenvolvimento com uso de Fragmentos. Concorrência no Android: Threads, Processos e AsyncTask. Desenvolvimento de Widgets. Comparação com outras plataformas (iOS, Windows Phone, HTML 5, etc.). Aplicativos móveis nos sistemas UFRN.
";"";"";"";"";"";"";"";"";"";"";"";"Semi-Presencial";"RESIDÊNCIA EM DESENVOLVIMENTO DE SISTEMAS UFRN"
"54534";"MODULO";"SUP0005";"L";"SISTEMAS DE INFORMAÇÃO DA UFRN";"SUPERINTENDÊNCIA DE INFORMÁTICA";"30";"0";"0";"30";"0";"0";"Introdução a sistemas de informação. Processo gerencial através dos sistemas UFRN. Estruturação e módulos dos sistemas UFRN.
";"";"";"";"";"";"";"";"";"";"";"";"Semi-Presencial";"RESIDÊNCIA EM DESENVOLVIMENTO DE SISTEMAS UFRN"
"54535";"MODULO";"SUP0006";"L";"BANCO DE DADOS E BI APLICADOS NOS SISTEMAS UFRN";"SUPERINTENDÊNCIA DE INFORMÁTICA";"30";"0";"0";"30";"0";"0";"Modelagem de Dados ER e Relacional. Mapeamento ER Relacional e Normalização. SQL. DAO. Java Persistence API. Hibernate: Objetos e Atributos, relacionamentos, consultas. Business intelligence e sistemas de apoio a decisão. Data warehousing e mineração de dados. Preparação e exploração de dados. Aplicações de business intelligence nos sistemas UFRN.
";"";"";"";"";"";"";"";"";"";"";"";"Semi-Presencial";"RESIDÊNCIA EM DESENVOLVIMENTO DE SISTEMAS UFRN"
"54536";"MODULO";"SUP0007";"L";"TECNOLOGIAS WEB PARA OS SISTEMAS UFRN I";"SUPERINTENDÊNCIA DE INFORMÁTICA";"30";"0";"0";"30";"0";"0";"Introdução ao Desenvolvimento Web. Arquitetura em Camadas e MVC para Sistemas Web e Frameworks MVC.Frameworks utilizados na implementação dos sistemas SIGs/UFRN. Servlets e JSP. Visão geral de JSF e Struts. Uso de JSF e Struts nos sistemas SIGs/UFRN. Fundamentos de HTML5. Linguagem de Estilo (CSS). Introdução a linguagem Javascript e Ajax. Biblioteca JQuery. Programação de web services.
";"";"";"";"";"";"";"";"";"";"";"";"Semi-Presencial";"RESIDÊNCIA EM DESENVOLVIMENTO DE SISTEMAS UFRN"
"54537";"MODULO";"SUP0008";"L";"TECNOLOGIAS WEB PARA OS SISTEMAS UFRN II";"SUPERINTENDÊNCIA DE INFORMÁTICA";"30";"0";"0";"30";"0";"0";"Framework Spring. Enterprise Java Beans. Uso desses frameworks nos sistemas SIGs/UFRN. Conceitos e definições sobre Desenvolvimento Ágil. Integração entre sistemas. Apresentação das APIs do Google, Facebook, Twiiter e de outras plataformas do mercado
";"";"";"";"";"";"";"";"";"";"";"";"Semi-Presencial";"RESIDÊNCIA EM DESENVOLVIMENTO DE SISTEMAS UFRN"
"54538";"MODULO";"SUP0009";"L";"SUPORTE E GERÊNCIA DE CONFIGURAÇÃO E MUDANÇAS NA REDE DE PARCEIROS UFRN";"SUPERINTENDÊNCIA DE INFORMÁTICA";"30";"0";"0";"30";"0";"0";"Processo de suporte aos usuários dos sistemas UFRN. Gerenciamento de solicitações de mudança. Sistemas de versionamento de software. Subversion (SVN). Git. Workflows distribuídos. Mecanismos de integração contínua. Gerenciamento das versões e evoluções realizadas nos sistemas SIGs/UFRN. 
";"";"";"";"";"";"";"";"";"";"";"";"Semi-Presencial";"RESIDÊNCIA EM DESENVOLVIMENTO DE SISTEMAS UFRN"
"54539";"MODULO";"SUP0010";"L";"TESTE DE SOFTWARE NOS SISTEMAS UFRN";"SUPERINTENDÊNCIA DE INFORMÁTICA";"30";"0";"0";"30";"0";"0";"Introdução ao Teste de Software. Conceitos básicos em Teste de Software. Níveis de Teste. Técnicas de Teste. Técnica Funcional. Técnica Estrutural. Automação de Testes. Processo de Testes. Metodologias Agéis x Testes de Software. Critérios de Teste Funcional e ferramentas de apoio . Mock Objects. Critérios de Teste. Construção de Casos de Testes a partir de Casos de Uso. Testes Exploratórios. Plano de Testes. Processo de Testes. Automação de testes. Testes nos sistemas SIGs/UFRN. 
";"";"";"";"";"";"";"";"";"";"";"";"Semi-Presencial";"RESIDÊNCIA EM DESENVOLVIMENTO DE SISTEMAS UFRN"
"54540";"MODULO";"SUP0011";"L";"GESTÃO DE PROJETOS E ENGENHARIA DE REQUISITOS NA REDE DE PARCEIROS UFRN";"SUPERINTENDÊNCIA DE INFORMÁTICA";"30";"0";"0";"30";"0";"0";"Ciclo de vida e organização de projetos de software. Scrum e PMBOK. Gerenciamento de projetos de evolução dos sistemas SIGs/UFRN. Ferramenta iproject. Técnicas de elicitação de requisitos. Especificação de requisitos. Especificação de regras de negócio e legislação relevante. Negociação e resolução de conflitos em requisitos. Rastreamento e gerenciamento de mudanças em requisitos. Padrões e ferramentas utilizados na especificação dos sistemas SIGs/UFRN.
";"";"";"";"";"";"";"";"";"";"";"";"Semi-Presencial";"RESIDÊNCIA EM DESENVOLVIMENTO DE SISTEMAS UFRN"
"54541";"MODULO";"SUP0012";"L";"ANÁLISE E PROJETO ORIENTADO A OBJETOS";"SUPERINTENDÊNCIA DE INFORMÁTICA";"30";"0";"0";"30";"0";"0";"UML. Orientação a objetos. Técnicas de análise e projeto de software. Transformação das especificações dos sistemas UFRN no projetos de classes. Padrões de projeto utilizados. Programação Java, padrões de projeto, refactoring.
";"";"";"";"";"";"";"";"";"";"";"";"Semi-Presencial";"RESIDÊNCIA EM DESENVOLVIMENTO DE SISTEMAS UFRN"
"54542";"MODULO";"SUP0013";"L";"PROCESSO E ARQUITETURA DE SOFTWARE APLICADAS AOS SISTEMAS UFRN";"SUPERINTENDÊNCIA DE INFORMÁTICA";"30";"0";"0";"30";"0";"0";"Introdução a Processos de Software. Modelos de Ciclo de Vida de Software. Processo unificado e metodologias ágeis. Modelagem e especificação de processos de software. Processo utilizado no desenvolvimento e manutenção dos sistemas SIGs/UFRN. Padrões e estilos arquiteturais; Visões arquiteturais; Documentação de arquiteturas; Avaliação arquitetural. Padrões arquiteturais utilizados nos sistemas SIGs/UFRN.
";"";"";"";"";"";"";"";"";"";"";"";"Semi-Presencial";"RESIDÊNCIA EM DESENVOLVIMENTO DE SISTEMAS UFRN"
"54543";"MODULO";"SUP0014";"L";"INFRAESTRUTURA, SEGURANÇA E COMPUTAÇÃO NAS NUVENS";"SUPERINTENDÊNCIA DE INFORMÁTICA";"30";"0";"0";"30";"0";"0";"Data centers. Máquinas virtuais. Computação nas nuvens. Segurança. Computação nas nuvens.
";"";"";"";"";"";"";"";"";"";"";"";"Semi-Presencial";"RESIDÊNCIA EM DESENVOLVIMENTO DE SISTEMAS UFRN"
"54544";"MODULO";"SUP0015";"L";"VARIABILIDADES E USABILIDADE NOS SISTEMAS UFRN";"SUPERINTENDÊNCIA DE INFORMÁTICA";"30";"0";"0";"30";"0";"0";"Introduça&#771;o&#8233; a &#8233;Linhas &#8233;de &#8233;Produto &#8233;de &#8233;Software.&#8233; &#8233;Modelagem&#8233; e &#8233;Gerência &#8233;de &#8233;Variabilidades. Engenharia&#8233; de &#8233;Domi&#769;nio &#8233;e &#8233;de &#8233;Aplicaça&#771;o nos sistemas UFRN. Estrate&#769;gias &#8233;de &#8233;Adoça&#771;o &#8233;de &#8233;Linhas &#8233;de &#8233;Produto &#8233;de &#8233;Software.&#8233; Evolução tecnológica das Interfaces de Usuário e Desafios de Usabilidade. Conceitos de Interação HumanoComputador. Processo de Design de Software. Esboços, Storyboarding e Prototipação. Métodos e Técnicas de Avaliação - Questionários, Inspeção e Testes.
";"";"";"";"";"";"";"";"";"";"";"";"Semi-Presencial";"RESIDÊNCIA EM DESENVOLVIMENTO DE SISTEMAS UFRN"
"54546";"MODULO";"SUP0016";"L";"INTRODUÇÃO A GESTÃO DA TECNOLOGIA DA INFORMAÇÃO";"SUPERINTENDÊNCIA DE INFORMÁTICA";"30";"0";"0";"30";"0";"0";"1. Desempenho
2. Conceitos
3. Evolução
4. Tendências
5. Gestão 
6. Melhores Práticas";"";"";"";"";"";"";"";"";"";"";"";"Semi-Presencial";"RESIDÊNCIA EM GESTÃO DE TI"
"54547";"MODULO";"SUP0017";"L";"FUNDAMENTOS EM PROCESSO";"SUPERINTENDÊNCIA DE INFORMÁTICA";"30";"0";"0";"30";"0";"0";"O que são Processos? Introdução aos  Processos Organizacionais. Processos de Negócio. Qualidade. PNQ. Documentação. Modelagem. Índice de Processabilidade. Indicadores de Desempenho Processos de Negócio e TI. Reengenharia de Processos. Impactos da Cloud  e Processos. Integração entre  SOA e BPM.";"";"";"";"";"";"";"";"";"";"";"";"Semi-Presencial";"RESIDÊNCIA EM GESTÃO DE TI"
"54548";"MODULO";"SUP0018";"L";"LIDERANÇA";"SUPERINTENDÊNCIA DE INFORMÁTICA";"30";"0";"0";"30";"0";"0";" Liderança através do coaching. Fundamentos do coaching. Papel e identidade. Práticas e Técnicas de coaching. Liderança Situacional. Mudança Organizacional. Dificuldades para exercer a Liderança. Desempenho e Indicadores.

";"";"";"";"";"";"";"";"";"";"";"";"Semi-Presencial";"RESIDÊNCIA EM GESTÃO DE TI"
"54549";"MODULO";"SUP0019";"L";"REDE E DATA CENTER";"SUPERINTENDÊNCIA DE INFORMÁTICA";"30";"0";"0";"30";"0";"0";"Redes Locais (LANs) e geograficamente distribuídas (WANs); Arquiteturas de redes de computadores (RM-OSI X Internet TCP/IP); Camada física; Camada de enlace; Camada de Rede; Camada de Transporte; Camada de Aplicação; Aplicações convencionais X Aplicações multimídia distribuídas; Tendências em Redes de Computadores: Redes móveis e sem fio; Redes óticas; Voz sobre IP; Redes de armazenamento (SANs). O que é gerenciamento de rede?; Quais as suas funções e objetivos?;          Infra-estrutura para o gerenciamento de redes (SMI; MIBs; O protocolo SNMP e suas versões); RMON (Remote Network Monitoring).

O Datacenter do Futuro. Principais aspectos tecnológicos envolvidos. Projeto em camadas. Aspectos de segurança. Aspectos de escalabilidade. Projeto do Disaster Recovery. Soluções tecnológicas disponíveis. Virtualização. Redes de armazenamento  SAN e NAS. Clusters, Solução RAC . Servidores Blades. Implementação em fases. Projeto e implmentação do backup. Gerenciamento do Datacenter. Principais produtos de gerenciamento disponíveis.";"";"";"";"";"";"";"";"";"";"";"";"Semi-Presencial";"RESIDÊNCIA EM GESTÃO DE TI"
"54550";"MODULO";"SUP0020";"L";"GESTÃO INTEGRADA";"SUPERINTENDÊNCIA DE INFORMÁTICA";"30";"0";"0";"30";"0";"0";"Conceito; Função de Inteligência Empresarial; Gestão do Conhecimento e Funções da Inteligência; Localização da Unidade de Inteligência; Técnicas e Modelos Analíticos; Recursos de Informação para a Inteligência; Desenvolvimento de um programa de IE; Organização da Função IE; Processo para identificação e definição de necessidades de inteligência; Análise de Cenários e Sistemas de alerta antecipado. Tecnologias da Informação utilizadas na  Inteligência Empresarial. Data Mining. Paines de Desempenho. Dashboards e Scorecards; Corporate Performance Management.

Sistemas ERP; Por que implantar sistemas ERP?; Idéias sobre a implantação; Estudo de viabilidade; Seleção de produtos e parceiros; Planejamento da implantação; Desenho da Solução; Construção; teste e implantação; Pós-implantação; estabilização e materialização dos benefícios; Atualizações do sistema (upgrades); Integração com CRM e SCM, E-business e Compras eletrônicas. ERP-2.";"";"";"";"";"";"";"";"";"";"";"";"Semi-Presencial";"RESIDÊNCIA EM GESTÃO DE TI"
"54551";"MODULO";"SUP0021";"L";"SISTEMAS INTEGRADOS DE GESTÃO DA UFRN";"SUPERINTENDÊNCIA DE INFORMÁTICA";"90";"0";"0";"90";"0";"0";"Workshops nas áreas administrativas, de Recursos Humanos e Acadêmica.";"";"";"";"";"";"";"";"";"";"";"";"Semi-Presencial";"RESIDÊNCIA EM GESTÃO DE TI"
"54552";"MODULO";"SUP0022";"L";"TENDÊNCIAS EM TI";"SUPERINTENDÊNCIA DE INFORMÁTICA";"30";"0";"0";"30";"0";"0";"Inovação. O Dilema da Inovação. Crescimento. Inovação Aberta. Importância da Inovação Aberta. Abordagem para a Inovação Aberta. Inovação e Cloud Computing. Startups. Startups baseadas em Cloud Computing.";"";"";"";"";"";"";"";"";"";"";"";"Semi-Presencial";"RESIDÊNCIA EM GESTÃO DE TI"
"54553";"MODULO";"SUP0023";"L";"ESTRATEGIA";"SUPERINTENDÊNCIA DE INFORMÁTICA";"30";"0";"0";"30";"0";"0";"Conceito de Gestão e Estratégia; Ambiente Competitivo; Organização e as Vantagens Competitivas; Cadeias, redes e alianças estratégicas; Evolução da Indústria; Planejamento Estratégico: Desafios e Limitações; Implementação da Estratégia; Balanced Scorecard. Balanced Scorecard de TI.";"";"";"";"";"";"";"";"";"";"";"";"Semi-Presencial";"RESIDÊNCIA EM GESTÃO DE TI"
"54554";"MODULO";"SUP0024";"L";"GOVERNANÇA";"SUPERINTENDÊNCIA DE INFORMÁTICA";"30";"0";"0";"30";"0";"0";"Governança. Razões para Evidencia. Governança de TI. Transparência. Alinhamento Estratégico da TI. Decisões em TI. Quais, Quem e Como. Melhores Práticas. Modelos de Governança. Modelo COBIT.";"";"";"";"";"";"";"";"";"";"";"";"Semi-Presencial";"RESIDÊNCIA EM GESTÃO DE TI"
"54555";"MODULO";"SUP0025";"L";"GERENCIA DE PROJETOS";"SUPERINTENDÊNCIA DE INFORMÁTICA";"30";"0";"0";"30";"0";"0";"Gerência de Projetos; Evolução e Tendências; Desenho Organizacional do Projeto; Aplicações Alternativas de Projeto; Liderança de Projeto; Ciclo de Vida de Projetos; Iniciação e Execução de Projetos; Planejamento e Controle de Projetos; Finalização do Projeto; Cultura do Projeto, Comunicação no Projeto; Gestão dos Riscos do Projeto; PMBOK; Principais áreas de conhecimento do PMBOK; Processos do PMBOK.; Integração. Escritório de Projetos.";"";"";"";"";"";"";"";"";"";"";"";"Semi-Presencial";"RESIDÊNCIA EM GESTÃO DE TI"
"54556";"MODULO";"SUP0026";"L";"SISTEMA ACADEMICO";"SUPERINTENDÊNCIA DE INFORMÁTICA";"30";"0";"0";"30";"0";"0";"Visão geral do sistema acadêmico. Funcionalidades disponíveis, processo de trabalho.";"";"";"";"";"";"";"";"";"";"";"";"Semi-Presencial";"RESIDÊNCIA EM GESTÃO DE TI"
"54557";"MODULO";"SUP0027";"L";"SISTEMA ADMINISTRATIVO";"SUPERINTENDÊNCIA DE INFORMÁTICA";"30";"0";"0";"30";"0";"0";"Visão geral do sistema administrativo. Funcionalidades disponíveis e processo de trabalho.";"";"";"";"";"";"";"";"";"";"";"";"Semi-Presencial";"RESIDÊNCIA EM GESTÃO DE TI"
"54558";"MODULO";"SUP0028";"L";"SISTEMA DE RECURSOS HUMANOS";"SUPERINTENDÊNCIA DE INFORMÁTICA";"30";"0";"0";"30";"0";"0";"Visão geral do sistema de recursos humanos. Funcionalidades disponíveis e processo de trabalho.";"";"";"";"";"";"";"";"";"";"";"";"Semi-Presencial";"RESIDÊNCIA EM GESTÃO DE TI"
"54559";"MODULO";"SUP0029";"L";"GESTÃO DA TERCEIRIZAÇÃO";"SUPERINTENDÊNCIA DE INFORMÁTICA";"30";"0";"0";"30";"0";"0";"Recursos de TI. Modelos de gestão de recursos. Centralização de recursos e Descentralização. Visão Geral; Novas classes de serviços; SLMs e SLAs; Tendências favoráveis; Impactos; Riscos da terceirização; Modelos de operação; Terceirização seletiva e Core competências de TI; Analise detalhada e processos de construção de RFPs; Gerência de Projetos em uma arquitetura  terceirizada; Contrato e negociação; Provisões; Transição para a Terceirização; Relacionamento; Parcerias; Termino dos Contratos. Terceirização estratégica; Terceirização Offshore; Software como serviço; Aspectos específicos de contratos de terceirização no Governo; Casos de sucesso";"";"";"";"";"";"";"";"";"";"";"";"Semi-Presencial";"RESIDÊNCIA EM GESTÃO DE TI"
"54560";"MODULO";"SUP0030";"L";"GERENCIA DE RISCO";"SUPERINTENDÊNCIA DE INFORMÁTICA";"30";"0";"0";"30";"0";"0";"Introdução, Riscos da TI e consequências, Framework 4A, Melhores Práticas de Risco, Disciplinas centrais do Risco, Governança de Risco.Plano de Continuidade do Negócio. Alta Disponibilidade";"";"";"";"";"";"";"";"";"";"";"";"Semi-Presencial";"RESIDÊNCIA EM GESTÃO DE TI"
"54562";"MODULO";"SUP0031";"L";"GERENCIA DE RISCO";"SUPERINTENDÊNCIA DE INFORMÁTICA";"30";"0";"0";"30";"0";"0";"Introdução, Riscos da TI e consequencias, Framework 4A, Melhores Práticas de Risco, Disciplinas centrais do Risco, Governança de Risco.Plano de Continuidade do Negócio. Alta Disponibilidade.";"";"";"";"";"";"";"";"";"";"";"";"Semi-Presencial";"RESIDÊNCIA EM GESTÃO DE TI"
"54874";"MODULO";"DLC0001";"L";"ANÁLISE DA CONVERSAÇÃO E O ENSINO DE LÍNGUA MATERNA";"DEPARTAMENTO DE LETRAS - CERES";"45";"0";"0";"45";"0";"0";"Estudos do texto falado: perspectivas textuais e interacionais. 
A análise da conversação, a perspectiva textual-interativa, características do texto falado, noções de interação, sistema de gerenciamento de turnos, pares adjacentes e organização tópica. Análises de textos orais.
";"";"";"";"";"";"";"";"";"";"";"";"Semi-Presencial";"LINGUÍSTICA E ENSINO DE LÍNGUA MATERNA - ELINGEM"
"54875";"MODULO";"DLC0002";"L";"PRÁTICAS DE LETRAMENTO E GÊNEROS DISCURSIVOS/TEXTUAIS";"DEPARTAMENTO DE LETRAS - CERES";"45";"0";"0";"45";"0";"0";"Letramento como prática discursiva. Letramento, gêneros discursivos e multiletrmentos. O letramento como prática social, como práticas, eventos de letramento e Multiletramentos";"";"";"";"";"";"";"";"";"";"";"";"Semi-Presencial";"LINGUÍSTICA E ENSINO DE LÍNGUA MATERNA - ELINGEM"
"54876";"MODULO";"DLC0003";"L";"LITERATURA INFANTO-JUVENIL APLICADA AO ENSINO DE LÍNGUA PORTUGUESA";"DEPARTAMENTO DE LETRAS - CERES";"45";"0";"0";"45";"0";"0";"A Literatura Infanto-Juvenil: panorama global, conceituação, importância, visão diacrônica e sincrônica. Variáveis textuais: poesia, romance, conto, história em quadrinho, cordel. A Literatura Infanto-Juvenil em sala de aula: técnicas e métodos de ensino favoráveis à formação do leitor. Análise de livros literários Infanto-Juvenil em sala de aula.";"";"";"";"";"";"";"";"";"";"";"";"Semi-Presencial";"LINGUÍSTICA E ENSINO DE LÍNGUA MATERNA - ELINGEM"
"54877";"MODULO";"DLC0004";"L";"LEITURA E PRODUÇÃO DE TEXTOS";"DEPARTAMENTO DE LETRAS - CERES";"45";"0";"0";"45";"0";"0";"Noções de Leitura e as perspectivas teóricas que envolvem leitor/autor/texto. Visão geral do conceito de gênero  descrição e funcionalidade. A importância das sequencias textuais para o ensino da leitura e produção de textos.";"";"";"";"";"";"";"";"";"";"";"";"Semi-Presencial";"LINGUÍSTICA E ENSINO DE LÍNGUA MATERNA - ELINGEM"
"54878";"MODULO";"DLC0005";"L";"LEITURA E PRODUÇÃO DE TEXTOS II";"DEPARTAMENTO DE LETRAS - CERES";"45";"0";"0";"45";"0";"0";"Sequenciais textuais e leitura e enunciados conceituais, efeitos de sentido na prática de leitura e produção de textos. A mediação da leitura para o desenvolvimento de habilidades e competências: entre o mediador, o leitor e o texto.";"";"";"";"";"";"";"";"";"";"";"";"Semi-Presencial";"LINGUÍSTICA E ENSINO DE LÍNGUA MATERNA - ELINGEM"
"54880";"MODULO";"DLC0006";"L";"LEITURA E PRODUÇÃO DE TEXTOS I";"DEPARTAMENTO DE LETRAS - CERES";"45";"0";"0";"45";"0";"0";"Noções de Leitura e as perspectivas teóricas que envolvem leitor/autor/texto. Visão geral do conceito de gênero  descrição e funcionalidade. A importância das sequencias textuais para o ensino da leitura e produção de textos.";"";"";"";"";"";"";"";"";"";"";"";"Semi-Presencial";"LINGUÍSTICA E ENSINO DE LÍNGUA MATERNA - ELINGEM"
"54884";"MODULO";"DLC0007";"L";"LEITURA E PRODUÇÃO DE TEXTOS II";"DEPARTAMENTO DE LETRAS - CERES";"45";"0";"0";"45";"0";"0";"Sequenciais textuais e leitura e enunciados conceituais, efeitos de sentido na prática de leitura e produção de textos. A mediação da leitura para o desenvolvimento de habilidades e competências: entre o mediador, o leitor e o texto.";"";"";"";"";"";"";"";"";"";"";"";"Semi-Presencial";"LINGUÍSTICA E ENSINO DE LÍNGUA MATERNA - ELINGEM"
"54896";"MODULO";"DLC0008";"L";"TECNONOLOGIA DA INFORMAÇÃO APLICADA AO ENSINO DE LÍNGUA MATERNA";"DEPARTAMENTO DE LETRAS - CERES";"30";"15";"0";"45";"0";"0";"Aprendizagem e tecnologias da informação no ensino fundamental e médio. Aspectos teóricos e metodológicos do uso de tecnologias informacionais aplicadas ao ensino de línguas. Práticas na utilização dos recursos tecnológicos em sala de aula. Alternativas metodológicas para inserção das tecnologias educacionais como instrumentos ao fazer pedagógico";"";"";"";"";"";"";"";"";"";"";"";"Semi-Presencial";"LINGUÍSTICA E ENSINO DE LÍNGUA MATERNA - ELINGEM"
"54897";"MODULO";"DLC0009";"L";"ESTUDOS DE FONOLOGIA, VARIAÇÃO ENSINO DE LÍNGUA MATERNA";"DEPARTAMENTO DE LETRAS - CERES";"45";"0";"0";"45";"0";"0";"Estudo de processos fonológicos com ênfase na realidade da escrita e da oralidade de alunos do Ensino Fundamental. Revisão dos conceitos fundamentais para os estudos fonético-fonológicos. ";"";"";"";"";"";"";"";"";"";"";"";"Semi-Presencial";"LINGUÍSTICA E ENSINO DE LÍNGUA MATERNA - ELINGEM"
"54898";"MODULO";"DLC0010";"L";"PRÁTICAS DE LETRAMENTO E GÊNEROS DISCURSIVOS/TEXTUAIS";"DEPARTAMENTO DE LETRAS - CERES";"45";"0";"0";"45";"0";"0";"Letramento como prática discursiva. Práticas sociais de letramento, gêneros discursivos e multiletrmentos";"";"";"";"";"";"";"";"";"";"";"";"Semi-Presencial";"LINGUÍSTICA E ENSINO DE LÍNGUA MATERNA - ELINGEM"
"54899";"MODULO";"DLC0011";"L";"METODOLOGIA DA PESQUISSA, E SUA APLICAÇÃO AO ENSINO";"DEPARTAMENTO DE LETRAS - CERES";"60";"0";"0";"60";"0";"0";"Reflexão sobre as questões teórico-metodológicas do processo de investigação científica no campo da linguagem. Elementos normativos para elaboração de trabalhos acadêmicos e científicos.";"";"";"";"";"";"";"";"";"";"";"";"Semi-Presencial";"LINGUÍSTICA E ENSINO DE LÍNGUA MATERNA - ELINGEM"
"54900";"MODULO";"DLC0012";"L";"METODOLOGIA DA PESQUISA, E SUA APLICAÇÃO AO ENSINO";"DEPARTAMENTO DE LETRAS - CERES";"60";"0";"0";"60";"0";"0";"Reflexão sobre as questões teórico-metodológicas do processo de investigação científica no campo da linguagem. Elementos normativos para elaboração de trabalhos acadêmicos e científicos.";"";"";"";"";"";"";"";"";"";"";"";"Semi-Presencial";"LINGUÍSTICA E ENSINO DE LÍNGUA MATERNA - ELINGEM"
"56173";"MODULO";"SUP0032";"L";"SUP0012 ANÁLISE E PROJETO ORIENTADO A OBJETOS";"SUPERINTENDÊNCIA DE INFORMÁTICA";"30";"0";"0";"30";"0";"0";"UML. Orientação a objetos. Técnicas de análise e projeto de software. Transformação das especificações dos sistemas UFRN no projetos de classes. Padrões de projeto utilizados. Programação Java, padrões de projeto, refactoring.";"";"";"";"";"";"";"";"";"";"";"";"Semi-Presencial";"RESIDÊNCIA EM DESENVOLVIMENTO DE SISTEMAS UFRN"
"57550";"MODULO";"DPE0012";"L";"SUJEITOS DA EDUCAÇÃO DE JOVENS E ADULTOS (EJA)";"DEPARTAMENTO DE PRÁTICAS EDUCACIONAIS E CURRÍCULO";"30";"0";"0";"30";"0";"0";"Documento brasileiro preparatório para VI Confintea; Declaração de Hamburgo; Marco de Belém; Educação para Diversidade e Cidadania.";"";"";"";"";"";"";"";"";"";"";"";"Semi-Presencial";"EDUCAÇÃO EM ESPAÇOS DE PRIVAÇÃO DE LIBERDADE: OS NOVOS SUJEITOS DA EDUCAÇÃO DE E"
"57551";"MODULO";"DPE0013";"L";"EDUCAÇÃO DE JOVENS E ADULTOS (EJA) E A PEDAGOGIA DE PAULO FREIRE";"DEPARTAMENTO DE PRÁTICAS EDUCACIONAIS E CURRÍCULO";"30";"0";"0";"30";"0";"0";"Conceitos básicos da EJA; Proposta Curricular baseada na Pedagogia Freiriana. ";"";"";"";"";"";"";"";"";"";"";"";"Semi-Presencial";"EDUCAÇÃO EM ESPAÇOS DE PRIVAÇÃO DE LIBERDADE: OS NOVOS SUJEITOS DA EDUCAÇÃO DE E"
"57552";"MODULO";"DPE0014";"L";"LEGISLAÇÃO E POLÍTICAS PÚBLICAS DE EDUCAÇÃO DE JOVENS E ADULTOS (EJA)";"DEPARTAMENTO DE PRÁTICAS EDUCACIONAIS E CURRÍCULO";"60";"0";"0";"60";"0";"0";"Lei de Diretrizes e Bases da Educação Nacional (9394/96); Diretrizes Curriculares para Educação de Jovens e Adultos (Resolução 011/2000); Diretrizes para Educação no Sistema Penitenciário (aguardando publicação). ";"";"";"";"";"";"";"";"";"";"";"";"Semi-Presencial";"EDUCAÇÃO EM ESPAÇOS DE PRIVAÇÃO DE LIBERDADE: OS NOVOS SUJEITOS DA EDUCAÇÃO DE E"
"57553";"MODULO";"DPE0015";"L";"EDUCAÇÃO DE JOVENS E ADULTOS (EJA) E O MUNDO DO TRABALHO";"DEPARTAMENTO DE PRÁTICAS EDUCACIONAIS E CURRÍCULO";"30";"0";"0";"30";"0";"0";"Sujeitos de direitos e de necessidades; integração do educando trabalhador à proposta político-pedagógica; o trabalho como produção humana. ";"";"";"";"";"";"";"";"";"";"";"";"Semi-Presencial";"EDUCAÇÃO EM ESPAÇOS DE PRIVAÇÃO DE LIBERDADE: OS NOVOS SUJEITOS DA EDUCAÇÃO DE E"
"57554";"MODULO";"DPE0016";"L";"ESTRATÉGIAS METODOLÓGICAS PARA A EDUCAÇÃO DE JOVENS E ADULTOS (EJA)";"DEPARTAMENTO DE PRÁTICAS EDUCACIONAIS E CURRÍCULO";"30";"0";"0";"30";"0";"0";"Prática x práxis; estudo de práticas desenvolvidas em salas de EJA do MOVA, do MST, da Educação Popular, da Educação em Unidades Prisionais; refletir sobre a prática do educador/cursista. ";"";"";"";"";"";"";"";"";"";"";"";"Semi-Presencial";"EDUCAÇÃO EM ESPAÇOS DE PRIVAÇÃO DE LIBERDADE: OS NOVOS SUJEITOS DA EDUCAÇÃO DE E"
"57632";"MODULO";"ACT1999";"L";"FLUIDOS E ESPERMOGRAMA";"DEPARTAMENTO DE ANÁLISES CLÍNICAS E TOXICOLÓGICAS";"40";"20";"0";"60";"0";"0";"Abordagem teórico-prática das técnicas de laboratório de análises clínicas na realização do exame completo do espermograma e estudo do funcionamento do aparelho genital masculino humano e doenças relacionadas.";"";"";"";"";"";"";"";"";"";"";"";"Semi-Presencial";"ANÁLISES CLÍNICAS"
"57633";"MODULO";"ACT2000";"L";"BIOLOGIA MOLECULAR APLICADA AS ANÁLISES CLÍNICAS";"DEPARTAMENTO DE ANÁLISES CLÍNICAS E TOXICOLÓGICAS";"40";"0";"0";"40";"0";"0";"A disciplina abordará conceitos sobre estrutura e hibridização de ácidos nucléicos, 
replicação, mutação e reparo do DNA. Para entendimento da expressão gênica, serão 
discutidos temas sobre síntese e processamento de RNA, biossíntese de proteínas e 
seu processamento pós-traducional, além de regulação dos mecanismos envolvidos. A 
transdução de sinais será estudada para entendimento, no nível molecular, de 
processos fisiológicos normais e alterados. Também serão discutidas as aplicações da 
tecnologia do DNA recombinante e as principais técnicas moleculares utilizadas no 
diagnóstico e prognóstico de doenças humanas. Os temas propostos para a disciplina 
serão abordados de forma prática e teórica, com ênfase no estudo de casos.
";"";"";"";"";"";"";"";"";"";"";"";"Semi-Presencial";"ANÁLISES CLÍNICAS"
"57714";"MODULO";"CON2232";"L";"PC-1 - METODOLOGIA DA PESQUISA";"DEPARTAMENTO DE CIÊNCIAS CONTÁBEIS";"20";"0";"0";"20";"0";"0";"Procedimentos Didáticos. Leitura. Análise de Texto. Pesquisa Bibliográfica. Frases da Pesquisa Bibliográfica. Publicações Científicas. Projeto e Relatório de Pesquisa. Trabalhos Científicos. Apresentação. Justificativa. Metodologia. Pesquisa piloto ou Pré-Teste. Cronograma. Referências Bibliográficas";"";"";"";"";"";"";"";"";"";"";"";"Semi-Presencial";"PERÍCIA CONTÁBIL"
"57715";"MODULO";"CON2233";"L";"PC - 2 - TEORIA DA CONTABILIDADE";"DEPARTAMENTO DE CIÊNCIAS CONTÁBEIS";"20";"0";"0";"20";"0";"0";": A contabilidade como um sistema de informações. A linguagem contábil: suas potencialidades e limitações. Características dos principais tipos de sistemas de informações contábeis no âmbito de uma empresa. Classificação dos sistemas. Tecnologia dos sistemas de informações. A informação e sua automação. Integração nos diversos sistemas de informações. Análise, criação e implantação de um sistema de informação. A busca de novas modalidades de linguagem e de comunicação entre empresa e os usuários da informação";"";"";"";"";"";"";"";"";"";"";"";"Semi-Presencial";"PERÍCIA CONTÁBIL"
"57716";"MODULO";"CON2234";"L";"PC - 3 - CONTABILIDADE SOCIETÁRIA";"DEPARTAMENTO DE CIÊNCIAS CONTÁBEIS";"20";"0";"0";"20";"0";"0";"A contabilidade no seio empresarial. Operações Comerciais. Contabilidade Societária. Lei 6.404/76 e suas alterações. Equivalência Patrimonial. Consolidação das Demonstrações Contábeis. Dissolução, Liquidação e Extinção de Sociedades.";"";"";"";"";"";"";"";"";"";"";"";"Semi-Presencial";"PERÍCIA CONTÁBIL"
"57717";"MODULO";"CON2235";"L";"PC - 4 - CONTABILIDADE PÚBLICA";"DEPARTAMENTO DE CIÊNCIAS CONTÁBEIS";"20";"0";"0";"20";"0";"0";"A contabilidade Pública e seus sistemas. Princípios orçamentários. SIAFI. Plano de Contas. Escrituração de receitas e despesas. LRF. Demonstrações Contábeis.";"";"";"";"";"";"";"";"";"";"";"";"Semi-Presencial";"PERÍCIA CONTÁBIL"
"57718";"MODULO";"CON2236";"L";"PC -5 - MATEMÁTICA FINANCEIRA";"DEPARTAMENTO DE CIÊNCIAS CONTÁBEIS";"20";"0";"0";"20";"0";"0";"Juros simples, desconto simples, juros compostos, anuidades. Cálculo financeiro: custo real e efetivo de operações de financiamento, empréstimos e investimento; avaliação de alternativas de investimento; taxa interna de retorno e valor presente líquido.";"";"";"";"";"";"";"";"";"";"";"";"Semi-Presencial";"PERÍCIA CONTÁBIL"
"57719";"MODULO";"CON2237";"L";"PC - 6 - ESTATÍSTICA APLICADA";"DEPARTAMENTO DE CIÊNCIAS CONTÁBEIS";"20";"0";"0";"20";"0";"0";"População. Amostra. Planejamento e Delineamento Amostral. Dimensão amostral. Seleção e Coleta de dados. Análises e conclusões. Técnicas de Amostragem segundo as Normas Brasileiras de Contabilidade.";"";"";"";"";"";"";"";"";"";"";"";"Semi-Presencial";"PERÍCIA CONTÁBIL"
"57720";"MODULO";"CON2238";"L";"PC - 7 - ANÁLISE DAS DEMONSTRAÇÕES FINANCEIRAS";"DEPARTAMENTO DE CIÊNCIAS CONTÁBEIS";"20";"0";"0";"20";"0";"0";"Fundamentos de avaliação de empresas e da gestão baseada em valor, assim como os das demonstrações contábeis para efeito de análise. Métodos e técnicas usuais para cálculo e interpretação de indicadores das estruturas patrimonial e operacional. Indicadores financeiros e econômicos. Limitações das demonstrações contábeis para análise econômico-financeira.";"";"";"";"";"";"";"";"";"";"";"";"Semi-Presencial";"PERÍCIA CONTÁBIL"
"57721";"MODULO";"CON2239";"L";"PC - 8- DIREITO EMPRESARIAL";"DEPARTAMENTO DE CIÊNCIAS CONTÁBEIS";"20";"0";"0";"20";"0";"0";"Teoria geral do Direito Empresarial. Teoria dos atos de comércio. Teoria da 
empresa. Empresário. Empresário individual e sociedade empresária. Empresa individual 
de responsabilidade limitada. Requisitos. Capacidade e impedimentos. Obrigações comuns 
aos empresários. Registro mercantil. Livros comerciais. Estabelecimento empresarial. 
Conceito e importância. Elementos. Alienação do estabelecimento. Ponto comercial.  Definição e proteção. Nome empresarial. Conceito e formação. Propriedade industrial. 
Conceitos principais. Proteção. Patentes e registros. Disciplina jurídica da concorrência e 
da ordem econômica.
";"";"";"";"";"";"";"";"";"";"";"";"Semi-Presencial";"PERÍCIA CONTÁBIL"
"57722";"MODULO";"CON2240";"L";"PC - 9- DIREITO TRABALHISTA";"DEPARTAMENTO DE CIÊNCIAS CONTÁBEIS";"20";"0";"0";"20";"0";"0";"Direito Coletivo do Trabalho. Histórico. Princípios. Liberdade Sindical. Organização Sindical Brasileira. Conflitos Coletivos. Formas de Composição dos Conflitos Coletivos. A Justiça do Trabalho. O Ministério Público do Trabalho. As Comissões de Conciliação Prévia Instrumentos de efetivação dos Direitos Sociais, perante a Justiça do Trabalho. Princípios e abrangências destes instrumentos, no âmbito do Direito Material do Trabalho, na esfera individual e coletiva. ";"";"";"";"";"";"";"";"";"";"";"";"Semi-Presencial";"PERÍCIA CONTÁBIL"
"57723";"MODULO";"CON2241";"L";"PC - 10- DIREITO FISCAL E TRIBUTÁRIO";"DEPARTAMENTO DE CIÊNCIAS CONTÁBEIS";"20";"0";"0";"20";"0";"0";"O Estado e a tributação. Sistema Tributário. Princípios de tributação e princípios constitucionais tributários. A legislação tributária e sua interpretação. Obrigação tributária. Crédito tributário. Administração tributária. Crimes e infrações. Tributos em espécie. Processo tributário.";"";"";"";"";"";"";"";"";"";"";"";"Semi-Presencial";"PERÍCIA CONTÁBIL"
"57724";"MODULO";"CON2242";"L";"PC - 11- DIREITO DE FAMILIA";"DEPARTAMENTO DE CIÊNCIAS CONTÁBEIS";"20";"0";"0";"20";"0";"0";"A família Constitucionalizada. Família: Evolução histórico-legislativa. Direito de Família: conteúdo. Direito Afetivo Matrimonial: Casamento. Formalidades e Celebração. Pressupostos de Existência e Condições de Validade. Efeitos Jurídicos Pessoais e Patrimoniais. Dissolução do Casamento. Direito Afetivo Convivencial: União Estável. Direito Parental: Filiação, Adoção e Poder Familiar. Direito Patrimonial Familiar: Alimentos. Direito Protetivo: Tutela e Curatela. Direito das Sucessões. Sucessão em Geral. Sucessão legítima. Sucessão Testamentária. Inventário, Arrolamento e Partilha.";"";"";"";"";"";"";"";"";"";"";"";"Semi-Presencial";"PERÍCIA CONTÁBIL"
"57725";"MODULO";"CON2243";"L";"PC - 12- RITUALISTICA PROCESSUAL";"DEPARTAMENTO DE CIÊNCIAS CONTÁBEIS";"20";"0";"0";"20";"0";"0";"Tipos de processo. Processo de Execução. Processo Cautelar. Processo Ritualistisca processual. Rito Sumário. Rito ordinário. Priocessos nas áreas cíveis, trabalhistas e criminais. ";"";"";"";"";"";"";"";"";"";"";"";"Semi-Presencial";"PERÍCIA CONTÁBIL"
"57726";"MODULO";"CON2244";"L";"PC - 13- PERÍCIA CONTÁBIL";"DEPARTAMENTO DE CIÊNCIAS CONTÁBEIS";"20";"0";"0";"20";"0";"0";"Introdução ao estudo da prova contábil.  A perícia contábil, conceitos, tipos e finalidades.  O perito judicial contábil.  Técnicas de trabalho pericial.  Quesitos.  O laudo pericial.  A perícia judicial contábil aplicada.";"";"";"";"";"";"";"";"";"";"";"";"Semi-Presencial";"PERÍCIA CONTÁBIL"
"57727";"MODULO";"CON2245";"L";"PC - 14 - AUDITORIA CONTÁBIL";"DEPARTAMENTO DE CIÊNCIAS CONTÁBEIS";"20";"0";"0";"20";"0";"0";"Origem da Auditoria. Auditoria Interna e Externa. Controles Internos. Questionários de avaliação. Teoria da prova. Relevância. Risco. Papéis de Trabalho. Testes e Procedimentos. Planejamento. Relatórios. Aplicação Avançada dos Conceitos de auditoria, em Caixa, Banco, Aplicações, Investimentos, Imobilizado, Obrigações, Patrimônio Líquido, Receitas. Despesas. Parecer e Relatórios de auditoria.";"";"";"";"";"";"";"";"";"";"";"";"Semi-Presencial";"PERÍCIA CONTÁBIL"
"57728";"MODULO";"CON2246";"L";"PC - 15 - PERÍCIA FISCAL E TRIBUTÁRIA";"DEPARTAMENTO DE CIÊNCIAS CONTÁBEIS";"20";"0";"0";"20";"0";"0";"Auditoria de Regimes Tributários. IRPJ. CSLL. PIS. COFINS. ICMS. ISS. Lucro Real. Lucro Presumido. Simples.";"";"";"";"";"";"";"";"";"";"";"";"Semi-Presencial";"PERÍCIA CONTÁBIL"
"57729";"MODULO";"CON2247";"L";"PC - 16 - PERÍCIA TRABALHISTA";"DEPARTAMENTO DE CIÊNCIAS CONTÁBEIS";"20";"0";"0";"20";"0";"0";"Perícia de Contratos de Trabalho, compreendendo: Direitos Trabalhistas, Jornada de Trabalho, Encargos Sociais. Auditoria de Contratos de Prestações de Serviços de Autônomos. 13º Salário. Férias. Folha de Pagamento: Remunerações da folha de pagamento, Rescisões de Contrato de Trabalho, Pis/Pasep. ";"";"";"";"";"";"";"";"";"";"";"";"Semi-Presencial";"PERÍCIA CONTÁBIL"
"57730";"MODULO";"CON2248";"L";"PC - 17- PRÁTICA PERICIAL 1";"DEPARTAMENTO DE CIÊNCIAS CONTÁBEIS";"20";"0";"0";"20";"0";"0";"Casos práticos de perícia no âmbito do sistema financeiro e habitação";"";"";"";"";"";"";"";"";"";"";"";"Semi-Presencial";"PERÍCIA CONTÁBIL"
"57731";"MODULO";"CON2249";"L";"PC - 18- PRÁTICA PERICIAL II";"DEPARTAMENTO DE CIÊNCIAS CONTÁBEIS";"20";"0";"0";"20";"0";"0";"Casos práticos de perícia com fundos de natureza pública";"";"";"";"";"";"";"";"";"";"";"";"Semi-Presencial";"PERÍCIA CONTÁBIL"
"57732";"MODULO";"CON2250";"L";"PC - 19- PRÁTICA PERICIAL III";"DEPARTAMENTO DE CIÊNCIAS CONTÁBEIS";"20";"0";"0";"20";"0";"0";"Casos práticos de perícia na área comercial e financeira";"";"";"";"";"";"";"";"";"";"";"";"Semi-Presencial";"PERÍCIA CONTÁBIL"
"59589";"MODULO";"SUP0033";"L";"SISTEMAS INTEGRADOS DE GOVERNO";"SUPERINTENDÊNCIA DE INFORMÁTICA";"30";"0";"0";"30";"0";"0";"Ementa";"";"";"";"";"";"";"";"";"";"";"";"Semi-Presencial";"RESIDÊNCIA EM GESTÃO DE TI"
"59765";"MODULO";"SUP0034";"L";"VARIABILIDADES E USABILIDADE NOS SISTEMAS UFRN";"SUPERINTENDÊNCIA DE INFORMÁTICA";"30";"0";"0";"30";"0";"0";"Introduça&#771;o&#8233; a &#8233;Linhas &#8233;de &#8233;Produto &#8233;de &#8233;Software.&#8233; &#8233;Modelagem&#8233; e &#8233;Gerência &#8233;de &#8233;Variabilidades. Engenharia&#8233; de &#8233;Domi&#769;nio &#8233;e &#8233;de &#8233;Aplicaça&#771;o nos sistemas UFRN. Estrate&#769;gias &#8233;de &#8233;Adoça&#771;o &#8233;de &#8233;Linhas &#8233;de &#8233;Produto &#8233;de &#8233;Software.&#8233; Evolução tecnológica das Interfaces de Usuário e Desafios de Usabilidade.";"";"";"";"";"";"";"";"";"";"";"";"Semi-Presencial";"RESIDÊNCIA EM DESENVOLVIMENTO DE SISTEMAS UFRN"
"60040";"MODULO";"SUP0035";"L";"SEMINÁRIOS DE GESTÃO DE TI";"SUPERINTENDÊNCIA DE INFORMÁTICA";"30";"0";"0";"30";"0";"0";"Seminários sobre Gestão de TI";"";"";"";"";"";"";"";"";"";"";"";"Semi-Presencial";"RESIDÊNCIA EM GESTÃO DE TI"
"60667";"MODULO";"CON2251";"L";"DISCIPLINA 01";"DEPARTAMENTO DE CIÊNCIAS CONTÁBEIS";"10";"5";"5";"20";"0";"0";"Ementa disciplina 01";"";"";"";"";"";"";"";"";"";"";"";"Semi-Presencial";"CONTABILIDADE, CUSTOS E CONTROLES ORÇAMENTÁRIOS-FINANCEIROS"
"60668";"MODULO";"CON2252";"L";"DISCIPLINA 02";"DEPARTAMENTO DE CIÊNCIAS CONTÁBEIS";"10";"5";"5";"20";"0";"0";"Ementa disciplina 02";"";"";"";"";"";"";"";"";"";"";"";"Semi-Presencial";"CONTABILIDADE, CUSTOS E CONTROLES ORÇAMENTÁRIOS-FINANCEIROS"
"60669";"MODULO";"CON2253";"L";"DISCIPLINA 03";"DEPARTAMENTO DE CIÊNCIAS CONTÁBEIS";"50";"5";"5";"60";"0";"0";"Ementa Disciplina 03";"";"";"";"";"";"";"";"";"";"";"";"Semi-Presencial";"CONTABILIDADE, CUSTOS E CONTROLES ORÇAMENTÁRIOS-FINANCEIROS"
"60670";"MODULO";"CON2254";"L";"DISCIPLINA 04";"DEPARTAMENTO DE CIÊNCIAS CONTÁBEIS";"60";"5";"5";"70";"0";"0";"Ementa disciplina 04";"";"";"";"";"";"";"";"";"";"";"";"Semi-Presencial";"CONTABILIDADE, CUSTOS E CONTROLES ORÇAMENTÁRIOS-FINANCEIROS"
"60671";"MODULO";"CON2255";"L";"DISCIPLINA 06";"DEPARTAMENTO DE CIÊNCIAS CONTÁBEIS";"10";"5";"5";"20";"0";"0";"Ementa disciplina 06";"";"";"";"";"";"";"";"";"";"";"";"Semi-Presencial";"CONTABILIDADE, CUSTOS E CONTROLES ORÇAMENTÁRIOS-FINANCEIROS"
"60672";"MODULO";"CON2256";"L";"DISCIPLINA 06";"DEPARTAMENTO DE CIÊNCIAS CONTÁBEIS";"20";"10";"10";"40";"0";"0";"Ementa disciplina 06";"";"";"";"";"";"";"";"";"";"";"";"Semi-Presencial";"CONTABILIDADE, CUSTOS E CONTROLES ORÇAMENTÁRIOS-FINANCEIROS"
"63098";"MODULO";"SUP0036";"L";"LABORATÓRIO 01 - GESTÃO DE TECNOLOGIA DA INFORMAÇÃO";"SUPERINTENDÊNCIA DE INFORMÁTICA";"0";"180";"0";"180";"0";"0";"O laboratório 01 de gestão da tecnologia da informação trata de desenvolver aspectos essências da gestão da TI em campo.  O aluno resolve problemas reais de gestão da tecnologia da informação envolvendo governança da TI, estratégia da TI e gestão da TI.  O aluno vivenciará problemas reais de gestão assumindo a liderança na resolução de problemas.  O laboratório envolve os seguintes aspectos:
Criação de comitê de governança da TI ; Criação do balanced scorecard (BSC) da TI ; Definição da matriz de governança da TI ; Priorização de projetos de TI";"";"";"";"";"";"";"";"";"";"";"";"Semi-Presencial";"RESIDÊNCIA EM GESTÃO DE TI"
"63099";"MODULO";"SUP0037";"L";"LABORATÓRIO 02 - GESTÃO DE TECNOLOGIA DA INFORMAÇÃO";"SUPERINTENDÊNCIA DE INFORMÁTICA";"0";"180";"0";"180";"0";"0";"O laboratório 02 de gestão da tecnologia da informação trata de desenvolver aspectos essências da gestão da TI em campo com foco em infraestrutura. 
O aluno resolve problemas reais de gestão da tecnologia da informação envolvendo gestão de serviços de TI, gestão da infraestrutura de TI, utilização de melhores práticas.
O aluno vivenciará problemas reais de gestão assumindo a liderança na resolução de problemas.  
O laboratório envolve os seguintes aspectos:
Criação de uma estrutura de gestão de serviços de TI; Implantação de aspectos básicos da biblioteca ITIL; Definição da estrutura e operação da TI ; Priorização de projetos de infraestrutura de TI ;";"";"";"";"";"";"";"";"";"";"";"";"Semi-Presencial";"RESIDÊNCIA EM GESTÃO DE TI"
"63317";"MODULO";"DEF1996";"L";"FORMAÇÃO PESSOAL I";"DEPARTAMENTO DE EDUCAÇÃO FÍSICA";"15";"0";"0";"15";"0";"0";"Diálogo tônico-corporal. Jogo e regressão psíquica. Fantasmas corporais. Simbologia do movimento humano. Corpo como objeto relacional em Psicomotricidade. Corpo e cultura de movimento. Evolução do jogo simbólico. Aprender a ser, estar, conhecer e relacionar. Disponibilidade corporal. Expressividade corporal. Codificação e decodificação simbólica. ";"";"";"";"";"";"";"";"";"";"";"";"Semi-Presencial";"PSICOMOTRICIDADE CLÍNICA E ESCOLAR"
"63318";"MODULO";"DEF1997";"L";"DESENVOLVIMENTO NEUROPSICOMOTOR";"DEPARTAMENTO DE EDUCAÇÃO FÍSICA";"15";"0";"0";"15";"0";"0";"Filogênese, ontogênese e retrogênese da Psicomotricidade. Processo de maturação e envelhecimento do sistema nervoso humano. Psicologia do Desenvolvimento. Interação neuropsicológica no ciclo vital.";"";"";"";"";"Conhecer os fenômenos próximos e distais da evolução do movimento humano.
Conhecer o processo de desenvolvimento neuropsicomotor durante o ciclo vital humano.
Analisar as relações entre os estágios de desenvolvimento neuropsicomotor com os comportamentos motores expressos.
Compreender as bases teóricas dos autores interacionistas da Psicologia do Desenvolvimento, com destaque para Jean Piaget, Lev Vygotsky e Henry Wallon.
";"Filogênese, ontogênese e retrogênese da Psicomotricidade. Processo de maturação e envelhecimento do sistema nervoso humano. Psicologia do Desenvolvimento. Interação neuropsicológica no ciclo vital.";"Aptidão para identificar padrões adaptativos de desenvolvimento neuropsicomotor no ciclo vital humano.
Compreensão das principais teorias interacionistas da Psicologia do Desenvolvimento e suas implicações sobre o estudo da psicomotricidade.
Capacidade de interação interdisciplinar e multiprofissional com profissionais da educação e da saúde acerca do desenvolvimento neuropsicomotor.
";"";"2017";"1";"";"Semi-Presencial";"PSICOMOTRICIDADE CLÍNICA E ESCOLAR"
"63319";"MODULO";"DEF1998";"L";"FORMAÇÃO PESSOAL II";"DEPARTAMENTO DE EDUCAÇÃO FÍSICA";"15";"0";"0";"15";"0";"0";"Diálogo tônico-corporal. Jogo e regressão psíquica. Fantasmas corporais. Simbologia do movimento humano. Corpo como objeto relacional em Psicomotricidade. Corpo e cultura de movimento. Evolução do jogo simbólico. Aprender a ser, estar, conhecer e relacionar. Disponibilidade corporal. Expressividade corporal. Codificação e decodificação simbólica. ";"";"";"";"";"";"";"";"";"";"";"";"Semi-Presencial";"PSICOMOTRICIDADE CLÍNICA E ESCOLAR"
"63320";"MODULO";"DEF1999";"L";"POLÍTICAS PÚBLICAS DE EDUCAÇÃO E SAÚDE";"DEPARTAMENTO DE EDUCAÇÃO FÍSICA";"30";"0";"0";"30";"0";"0";"Evolução conceitual da educação e da saúde. Aspectos constitucionais da educação e da saúde brasileira. Regulamentação em educação e saúde no Brasil. Programas governamentais em educação e saúde. ";"";"";"";"";"";"";"";"";"";"";"";"Semi-Presencial";"PSICOMOTRICIDADE CLÍNICA E ESCOLAR"
"63321";"MODULO";"DEF2000";"L";"ESTÁGIO SUPERVISIONADO - CLÍNICA";"DEPARTAMENTO DE EDUCAÇÃO FÍSICA";"0";"0";"30";"30";"0";"0";"Espaços de intervenção profissional em psicomotricidade na área da saúde. Atuação psicomotora no âmbito da saúde pública e provada. Intervenção do psicomotricista no Núcleo de Apoio ao Saúde da Família, Centro de Atenção Psicossocial, Centro Especializado em Reabilitação e Instituições hospitalares. ";"";"";"";"";"";"";"";"";"";"";"";"Semi-Presencial";"PSICOMOTRICIDADE CLÍNICA E ESCOLAR"
"63322";"MODULO";"DEF2001";"L";"ESTÁGIO SUPERVISIONADO - ESCOLAR";"DEPARTAMENTO DE EDUCAÇÃO FÍSICA";"0";"0";"30";"30";"0";"0";"Espaços de intervenção profissional em psicomotricidade na área da educação. Atuação psicomotora no âmbito da educação pública e privada. Intervenção psicomotora na educação infantil, ensino fundamental, ensino médio e escolas especiais.";"";"";"";"";"";"";"";"";"";"";"";"Semi-Presencial";"PSICOMOTRICIDADE CLÍNICA E ESCOLAR"
"63323";"MODULO";"DEF2002";"L";"TRABALHO DE CONCLUSÃO DE CURSO";"DEPARTAMENTO DE EDUCAÇÃO FÍSICA";"30";"0";"0";"30";"0";"0";"Apresentação de trabalhos de conclusão de curso com 15 minutos de duração e 15 minutos de arguição por parte da banca como requisito para aprovação no curso.";"";"";"";"";"";"";"";"";"";"";"";"Semi-Presencial";"PSICOMOTRICIDADE CLÍNICA E ESCOLAR"
"63324";"MODULO";"DEF2003";"L";"FORMAÇÃO PESSOAL I";"DEPARTAMENTO DE EDUCAÇÃO FÍSICA";"15";"0";"0";"15";"0";"0";"Diálogo tônico-corporal. Jogo e regressão psíquica. Fantasmas corporais. Simbologia do movimento humano. Corpo como objeto relacional em Psicomotricidade. Corpo e cultura de movimento. Evolução do jogo simbólico. Aprender a ser, estar, conhecer e relacionar. Disponibilidade corporal. Expressividade corporal. Codificação e decodificação simbólica. ";"";"";"";"";"";"";"";"";"";"";"";"Semi-Presencial";"PSICOMOTRICIDADE CLÍNICA E ESCOLAR"
"63325";"MODULO";"DEF2004";"L";"FORMAÇÃO PESSOAL II";"DEPARTAMENTO DE EDUCAÇÃO FÍSICA";"15";"0";"0";"15";"0";"0";"Diálogo tônico-corporal. Jogo e regressão psíquica. Fantasmas corporais. Simbologia do movimento humano. Corpo como objeto relacional em Psicomotricidade. Corpo e cultura de movimento. Evolução do jogo simbólico. Aprender a ser, estar, conhecer e relacionar. Disponibilidade corporal. Expressividade corporal. Codificação e decodificação simbólica. ";"";"";"";"";"";"";"";"";"";"";"";"Semi-Presencial";"PSICOMOTRICIDADE CLÍNICA E ESCOLAR"
"63326";"MODULO";"DEF2005";"L";"FORMAÇÃO PESSOAL III";"DEPARTAMENTO DE EDUCAÇÃO FÍSICA";"15";"0";"0";"15";"0";"0";"Diálogo tônico-corporal. Jogo e regressão psíquica. Fantasmas corporais. Simbologia do movimento humano. Corpo como objeto relacional em Psicomotricidade. Corpo e cultura de movimento. Evolução do jogo simbólico. Aprender a ser, estar, conhecer e relacionar. Disponibilidade corporal. Expressividade corporal. Codificação e decodificação simbólica. ";"";"";"";"";"";"";"";"";"";"";"";"Semi-Presencial";"PSICOMOTRICIDADE CLÍNICA E ESCOLAR"
"63327";"MODULO";"DEF2006";"L";"FORMAÇÃO PESSOAL IV";"DEPARTAMENTO DE EDUCAÇÃO FÍSICA";"15";"0";"0";"15";"0";"0";"Diálogo tônico-corporal. Jogo e regressão psíquica. Fantasmas corporais. Simbologia do movimento humano. Corpo como objeto relacional em Psicomotricidade. Corpo e cultura de movimento. Evolução do jogo simbólico. Aprender a ser, estar, conhecer e relacionar. Disponibilidade corporal. Expressividade corporal. Codificação e decodificação simbólica. ";"";"";"";"";"";"";"";"";"";"";"";"Semi-Presencial";"PSICOMOTRICIDADE CLÍNICA E ESCOLAR"
"63412";"MODULO";"ACT2028";"L";"FISIOPATOLOGIA, DIAGNÓSTICO LABORATORIAL DE DOENÇAS METABÓLICAS E O TRATAMENTO";"DEPARTAMENTO DE ANÁLISES CLÍNICAS E TOXICOLÓGICAS";"100";"0";"0";"100";"0";"0";"A síndrome metabólica é um conjunto de doenças que, associadas, vão levar ao aumento do risco de problemas cardiovasculares. Estas doenças são a obesidade  principalmente àquela caracterizada com aumento de cintura abdominal, pressão alta, alterações de colesterol, triglicérides e glicemia.tem como base a resistência à insulina, que é um processo que acontece devido ao ganho de peso, mas também pode começar com o diabetes tipo 2. A causa mais comum é o ganho de peso, que leva ao aumento da pressão arterial, ao desenvolvimento do diabetes tipo 2 e às alterações de triglicérides e colesterol.";"";"";"";"";"";"";"";"";"";"";"";"Semi-Presencial";"ANÁLISES CLÍNICAS E MEDICAMENTOS"
"63413";"MODULO";"ACT2029";"L";"VIROLOGIA";"DEPARTAMENTO DE ANÁLISES CLÍNICAS E TOXICOLÓGICAS";"20";"0";"0";"20";"0";"0";"Introdução à Virologia: breve histórico, características gerais, morfologia viral, classificações,
composição química, multiplicação viral, patogênese e infecção viral, interação vírus-hospedeiro,
métodos laboratoriais, virusoides, viroides, príons. Parvoviridae  Parvovírus B19. Papallomaviridae
 Papilomavírus humano (HPV). Adenoviridae  Adenovírus. Herpesviridae  Herpes simplex 1 e 2;
Vírus da Varicela-zoster; Citomegalovírus; vírus Epstein-Barr; Herpesvirus-8. Poxviridae.
Hepadnavridae  vírus da hepatite B. Coronaviridae  Coronavírus. Flaviviridae - vírus da hepatite
C; vírus da febre amarela; vírus da dengue. Caliciviridae  Norovírus. Togaviridae  Rubivírus,
Rubella vírus. Picornaviridae  vírus da hepatite A; vírus da poliomelite. Retroviridae  vírus da
imunodeficiência humana (HIV). Astroviridae. Reoviridae  rotavírus. Orthomyxoviridae 
Influenzavirus. Paramyxoviridae  Morbilivírus, vírus do sarampo; Paramixovírus, Parainfluenza e
Pneumovírus, vírus da caxumba. Filoviridae  Ebolavírus. Bunyaviridae  Hantavirus. ";"";"";"";"";"";"";"";"";"";"";"";"Semi-Presencial";"ANÁLISES CLÍNICAS E MEDICAMENTOS"
"63414";"MODULO";"ACT2030";"L";"MICOLOGIA";"DEPARTAMENTO DE ANÁLISES CLÍNICAS E TOXICOLÓGICAS";"20";"0";"0";"20";"0";"0";"A Micologia compreende o estudo das doenças humanas causadas por fungos. Estas
doenças podem ser divididas de acordo com o sítio corporal atingido em cutâneas,
sub-cutâneas e sistêmicas. As micoses cutâneas têm alta incidência, mas não são
muito graves. Já as micoses sub-cutâneas e sistêmicas, doenças graves e
frequentemente letais, são em sua maioria negligenciadas e vitimam anualmente mais
de um milhão de pessoas em todo o mundo. ";"";"";"";"";"";"";"";"";"";"";"";"Semi-Presencial";"ANÁLISES CLÍNICAS E MEDICAMENTOS"
"63492";"MODULO";"DEF2007";"L";"FORMAÇÃO PESSOAL V";"DEPARTAMENTO DE EDUCAÇÃO FÍSICA";"0";"15";"0";"15";"0";"0";"Diálogo tônico-corporal. Jogo e regressão psíquica. Fantasmas corporais. Simbologia do movimento humano. Corpo como objeto relacional em Psicomotricidade. Corpo e cultura de movimento. Evolução do jogo simbólico. Aprender a ser, estar, conhecer e relacionar. Disponibilidade corporal. Expressividade corporal. Codificação e decodificação simbólica.";"";"";"";"";"";"";"";"";"";"";"";"Semi-Presencial";"PSICOMOTRICIDADE CLÍNICA E ESCOLAR"
"63493";"MODULO";"DEF2008";"L";"FORMAÇÃO PESSOAL VI";"DEPARTAMENTO DE EDUCAÇÃO FÍSICA";"0";"15";"0";"15";"0";"0";"Diálogo tônico-corporal. Jogo e regressão psíquica. Fantasmas corporais. Simbologia do movimento humano. Corpo como objeto relacional em Psicomotricidade. Corpo e cultura de movimento. Evolução do jogo simbólico. Aprender a ser, estar, conhecer e relacionar. Disponibilidade corporal. Expressividade corporal. Codificação e decodificação simbólica.";"";"";"";"";"";"";"";"";"";"";"";"Semi-Presencial";"PSICOMOTRICIDADE CLÍNICA E ESCOLAR"
"63494";"MODULO";"DEF2009";"L";"FORMAÇÃO PESSOAL VII";"DEPARTAMENTO DE EDUCAÇÃO FÍSICA";"0";"15";"0";"15";"0";"0";"Diálogo tônico-corporal. Jogo e regressão psíquica. Fantasmas corporais. Simbologia do movimento humano. Corpo como objeto relacional em Psicomotricidade. Corpo e cultura de movimento. Evolução do jogo simbólico. Aprender a ser, estar, conhecer e relacionar. Disponibilidade corporal. Expressividade corporal. Codificação e decodificação simbólica.";"";"";"";"";"";"";"";"";"";"";"";"Semi-Presencial";"PSICOMOTRICIDADE CLÍNICA E ESCOLAR"
"63495";"MODULO";"DEF2010";"L";"FORMAÇÃO PESSOAL VIII";"DEPARTAMENTO DE EDUCAÇÃO FÍSICA";"0";"15";"0";"15";"0";"0";"Diálogo tônico-corporal. Jogo e regressão psíquica. Fantasmas corporais. Simbologia do movimento humano. Corpo como objeto relacional em Psicomotricidade. Corpo e cultura de movimento. Evolução do jogo simbólico. Aprender a ser, estar, conhecer e relacionar. Disponibilidade corporal. Expressividade corporal. Codificação e decodificação simbólica.";"";"";"";"";"";"";"";"";"";"";"";"Semi-Presencial";"PSICOMOTRICIDADE CLÍNICA E ESCOLAR"
"63496";"MODULO";"DEF2011";"L";"INTERVENÇÃO PSICOMOTORA ESCOLAR";"DEPARTAMENTO DE EDUCAÇÃO FÍSICA";"0";"30";"0";"30";"0";"0";"Espaços de intervenção profissional em psicomotricidade na área da educação. Atuação psicomotora no âmbito da educação pública e privada. Intervenção psicomotora na educação infantil, ensino fundamental, ensino médio e escolas especiais.";"";"";"";"";"";"";"";"";"";"";"";"Semi-Presencial";"PSICOMOTRICIDADE CLÍNICA E ESCOLAR"
"63497";"MODULO";"DEF2012";"L";"INTERVENÇÃO PSICOMOTORA NA CLÍNICA";"DEPARTAMENTO DE EDUCAÇÃO FÍSICA";"0";"30";"0";"30";"0";"0";"Espaços de intervenção profissional em psicomotricidade na área da saúde. Atuação psicomotora no âmbito da saúde pública e provada. Intervenção do psicomotricista no Núcleo de Apoio ao Saúde da Família, Centro de Atenção Psicossocial, Centro Especializado em Reabilitação e Instituições hospitalares.";"";"";"";"";"";"";"";"";"";"";"";"Semi-Presencial";"PSICOMOTRICIDADE CLÍNICA E ESCOLAR"
"63498";"MODULO";"DEF2013";"L";"ESTIMULAÇÃO PSICOMOTORA";"DEPARTAMENTO DE EDUCAÇÃO FÍSICA";"0";"15";"0";"15";"0";"0";"Estratégias de reeducação psicomotora. Terapêutica psicomotora. Educação psicomotora funcional e relacional.";"";"";"";"";"";"";"";"";"";"";"";"Semi-Presencial";"PSICOMOTRICIDADE CLÍNICA E ESCOLAR"
"63499";"MODULO";"DEF2014";"L";"AVALIAÇÃO PSICOMOTORA";"DEPARTAMENTO DE EDUCAÇÃO FÍSICA";"7";"8";"0";"15";"0";"0";"História e evolução da avaliação psicomotora. Modelos de avaliação psicomotora. Escala de Desenvolvimento Motor (EDM) e Escala Motora para Terceira Idade (EMTI).";"";"";"";"";"";"";"";"";"";"";"";"Semi-Presencial";"PSICOMOTRICIDADE CLÍNICA E ESCOLAR"
"63500";"MODULO";"DEF2015";"L";"METODOLOGIA DA PESQUISA";"DEPARTAMENTO DE EDUCAÇÃO FÍSICA";"8";"7";"0";"15";"0";"0";"Estratégias básicas de busca na literatura. Tipos de pesquisa e desenhos de estudo. Processo de pesquisa e a formulação de projetos de pesquisa.";"";"";"";"";"";"";"";"";"";"";"";"Semi-Presencial";"PSICOMOTRICIDADE CLÍNICA E ESCOLAR"
"63501";"MODULO";"DEF2016";"L";"ESTATÍSTICA APLICADA A EDUCAÇÃO E SAÚDE";"DEPARTAMENTO DE EDUCAÇÃO FÍSICA";"7";"8";"0";"15";"0";"0";"Introdução aos conceitos estatísticos e de medidas em pesquisa. Estatística descritiva e inferencial. Tabulação e apresentação de dados de pesquisa. Sistemas informáticos para análises estatísticas.";"";"";"";"";"";"";"";"";"";"";"";"Semi-Presencial";"PSICOMOTRICIDADE CLÍNICA E ESCOLAR"
"63502";"MODULO";"DEF2017";"L";"EPIDEMIOLOGIA E SAÚDE MENTAL";"DEPARTAMENTO DE EDUCAÇÃO FÍSICA";"15";"0";"0";"15";"0";"0";"Introdução aos conceitos de epidemiologia e saúde mental. Monitoramento epidemiológico em sistemas informáticos em saúde. Pesquisa epidemiológica em Psicomotricidade e saúde mental.";"";"";"";"";"";"";"";"";"";"";"";"Semi-Presencial";"PSICOMOTRICIDADE CLÍNICA E ESCOLAR"
"63503";"MODULO";"DEF2018";"L";"COMUNICAÇÃO HUMANA";"DEPARTAMENTO DE EDUCAÇÃO FÍSICA";"15";"0";"0";"15";"0";"0";"Conceito e definição da comunicação. Axiomas da comunicação humana. Aspectos sociofilosóficos da comunicação humana e sua evolução. Comunicação humana na contemporaneidade.";"";"";"";"";"";"";"";"";"";"";"";"Semi-Presencial";"PSICOMOTRICIDADE CLÍNICA E ESCOLAR"
"63504";"MODULO";"DEF2019";"L";"INTRODUÇÃO A PSICOMOTRICIDADE";"DEPARTAMENTO DE EDUCAÇÃO FÍSICA";"15";"0";"0";"15";"0";"0";"Conceitos, definições e objeto de estudo em Psicomotricidade. História e evolução da Psicomotricidade. Vertentes da Psicomotricidade.";"";"";"";"";"";"";"";"";"";"";"";"Semi-Presencial";"PSICOMOTRICIDADE CLÍNICA E ESCOLAR"
"63505";"MODULO";"DEF2020";"L";"PSICANÁLISE EM PSICOMOTRICIDADE";"DEPARTAMENTO DE EDUCAÇÃO FÍSICA";"15";"0";"0";"15";"0";"0";"Conceito, definição e objeto de estudo em Psicanálise. História e evolução psicanalítica. Libido e outras formas pulsionais. Teoria do desenvolvimento psicossexual. Teoria do aparelho psíquico. Catarse e terapêutica psicanalítica. ";"";"";"";"";"";"";"";"";"";"";"";"Semi-Presencial";"PSICOMOTRICIDADE CLÍNICA E ESCOLAR"
"63506";"MODULO";"DEF2021";"L";"PSICOMOTRICIDADE";"DEPARTAMENTO DE EDUCAÇÃO FÍSICA";"15";"0";"0";"15";"0";"0";"Conceitos, definições e objeto de estudo em Psicomotricidade. História e evolução da Psicomotricidade. Vertentes da Psicomotricidade.";"";"";"";"";"Conhecer conceitos, definições e a delimitação do objeto de estudo em Psicomotricidade.
Compreender o processo histórico de evolução da Psicomotricidade como ciência e área de intervenção profissional.
Identificar características de intervenção de cada vertente psicomotora e suas bases teóricas.
Estimular a prática da pesquisa e da profissionalização desta área da intervenção profissional.";"Conceitos, definições e objeto de estudo em Psicomotricidade. História e evolução da Psicomotricidade. Vertentes da Psicomotricidade.";"Capacidade de formular problemas de pesquisa em psicomotricidade a partir da compreensão de seu objeto de estudo.
Aptidão para conceituar, definir e delimitar o objeto de estudo em psicomotricidade.
Compreensão sobre o processo histórico de evolução da psicomotricidade, tanto como ciência, quanto como área de intervenção profissional.";"";"2017";"1";"";"Semi-Presencial";"PSICOMOTRICIDADE CLÍNICA E ESCOLAR"
"63507";"MODULO";"DEF2022";"L";"INTERVENÇÃO PSICOMOTORA CLÍNICA";"DEPARTAMENTO DE EDUCAÇÃO FÍSICA";"0";"30";"0";"30";"0";"0";"Espaços de intervenção profissional em psicomotricidade na área da saúde. Atuação psicomotora no âmbito da saúde pública e provada. Intervenção do psicomotricista no Núcleo de Apoio ao Saúde da Família, Centro de Atenção Psicossocial, Centro Especializado em Reabilitação e Instituições hospitalares.";"";"";"";"";"";"";"";"";"";"";"";"Semi-Presencial";"PSICOMOTRICIDADE CLÍNICA E ESCOLAR"
"63508";"MODULO";"DEF2023";"L";"INTERVENÇÃO PSICOMOTORA DA ESCOLA";"DEPARTAMENTO DE EDUCAÇÃO FÍSICA";"0";"30";"0";"30";"0";"0";"Espaços de intervenção profissional em psicomotricidade na área da educação. Atuação psicomotora no âmbito da educação pública e privada. Intervenção psicomotora na educação infantil, ensino fundamental, ensino médio e escolas especiais.";"";"";"";"";"";"";"";"";"";"";"";"Semi-Presencial";"PSICOMOTRICIDADE CLÍNICA E ESCOLAR"
"63509";"MODULO";"DEF2024";"L";"TÓPICOS AVANÇADOS EM PSICOMOTRICIDADE";"DEPARTAMENTO DE EDUCAÇÃO FÍSICA";"15";"0";"0";"15";"0";"0";"Seminários sobre inovação em Psicomotricidade com o tratamento de temas emergentes em educação e saúde.";"";"";"";"";"";"";"";"";"";"";"";"Semi-Presencial";"PSICOMOTRICIDADE CLÍNICA E ESCOLAR"
"64581";"MODULO";"EM 2157";"L";"PESQUISA EM MÚSICA II";"ESCOLA DE MÚSICA";"40";"0";"0";"40";"0";"0";"Os métodos e as técnicas de pesquisa em Música. O pesquisador e o processo de seleção e coleta e análise dos dados. Elaboração de projetos e relatórios de pesquisa científica: estrutura, redação e apresentação. Aspectos éticos dos procedimentos e processos de investigação. Criação do trabalho de conclusão do curso.";"";"";"";"";"";"";"";"";"";"";"";"Semi-Presencial";"ENSINO DE MÚSICA EM MÚLTIPLOS CONTEXTOS"
"64582";"MODULO";"EM 2158";"L";"O ENSINO DE MÚSICA EM MÚLTIPLOS CONTEXTOS";"ESCOLA DE MÚSICA";"40";"0";"0";"40";"0";"0";"Os paradigmas contemporâneos para a Educação Musical e o papel do professor. Concepções e perspectivas para o Ensino de Música em múltiplos contextos.";"";"";"";"";"";"";"";"";"";"";"";"Semi-Presencial";"ENSINO DE MÚSICA EM MÚLTIPLOS CONTEXTOS"
"64583";"MODULO";"EM 2159";"L";"PEDAGOGIA E FAZERES EM EDUCAÇÃO MUSICAL II";"ESCOLA DE MÚSICA";"40";"0";"0";"40";"0";"0";"Os aspectos teórico-metodológicos no Ensino de Música na Educação Básica. Aprofundamento sobre as especificidades no Ensino de Música na Educação infantil; no Ensino fundamental I e II e no Ensino Médio.";"";"";"";"";"";"";"";"";"";"";"";"Semi-Presencial";"ENSINO DE MÚSICA EM MÚLTIPLOS CONTEXTOS"
"64584";"MODULO";"EM 2160";"L";"ENSINO DE MÚSICA EM ESPAÇOS NÃO FORMAIS";"ESCOLA DE MÚSICA";"40";"0";"0";"40";"0";"0";"Os aspectos teórico-metodológicos no Ensino de Música em ONGs, projetos sociais, associações comunitárias, espaços diversos que oferecem cursos livres de música.";"";"";"";"";"";"";"";"";"";"";"";"Semi-Presencial";"ENSINO DE MÚSICA EM MÚLTIPLOS CONTEXTOS"
"64585";"MODULO";"EM 2161";"L";"SEMINÁRIO DE ORIENTAÇÃO DO TRABALHO FINAL";"ESCOLA DE MÚSICA";"40";"0";"0";"40";"0";"0";"Estudo orientado, com base em plano de trabalho para a elaboração e desenvolvimento do trabalho de conclusão do orientando.";"";"";"";"";"";"";"";"";"";"";"";"Semi-Presencial";"ENSINO DE MÚSICA EM MÚLTIPLOS CONTEXTOS"
"64586";"MODULO";"EM 2162";"L";"PEDAGOGIA E FAZERES EM EDUCAÇÃO MUSICAL I";"ESCOLA DE MÚSICA";"40";"0";"0";"40";"0";"0";"Vivências rítmico-sonoras em educação musical. A utilização do corpo como recurso para a aprendizagem musical. Utilização de Jogos Musicais como ferramentas para o ensino-aprendizagem de música.";"";"";"";"";"";"";"";"";"";"";"";"Semi-Presencial";"ENSINO DE MÚSICA EM MÚLTIPLOS CONTEXTOS"
"64587";"MODULO";"EM 2163";"L";"PEDAGOGIA E FAZERES EM EDUCAÇÃO MUSICAL III";"ESCOLA DE MÚSICA";"40";"0";"0";"40";"0";"0";"Práticas de criação e condução de grupos vocais para o canto coral e o teatro musical como recursos para a vivência artística e aprendizagem musical em múltiplos contextos.";"";"";"";"";"";"";"";"";"";"";"";"Semi-Presencial";"ENSINO DE MÚSICA EM MÚLTIPLOS CONTEXTOS"
"64588";"MODULO";"EM 2164";"L";"EDUCAÇÃO INCLUSIVA NO ENSINO DE MÚSICA";"ESCOLA DE MÚSICA";"40";"0";"0";"40";"0";"0";"Da educação especial à educação inclusiva: caminhada histórica; aspectos preponderantes nos processos de ensinar e aprender; a educação inclusiva e o ensino de Música; reorientações curriculares para o ensino de Música com pessoas com necessidades educativas especiais. ";"";"";"";"";"";"";"";"";"";"";"";"Semi-Presencial";"ENSINO DE MÚSICA EM MÚLTIPLOS CONTEXTOS"
"64589";"MODULO";"EM 2165";"L";"PESQUISA EM MÚSICA I";"ESCOLA DE MÚSICA";"40";"0";"0";"40";"0";"0";"Os fundamentos, as principais definições metodológicas, a elaboração e a estruturação da ciência, do conhecimento e da pesquisa. O entendimento e organização do conhecimento científico e sua produção na universidade; aplicação das normas para elaboração e redação de trabalhos científicos.";"";"";"";"";"";"";"";"";"";"";"";"Semi-Presencial";"ENSINO DE MÚSICA EM MÚLTIPLOS CONTEXTOS"
"64590";"MODULO";"EM 2166";"L";"PEDAGOGIA E FAZERES EM EDUCAÇÃO MUSICAL III";"ESCOLA DE MÚSICA";"40";"0";"0";"40";"0";"0";"Práticas de criação e condução de grupos vocais para o canto coral e o teatro musical como recursos para a vivência artística e aprendizagem musical em múltiplos contextos.";"";"";"";"";"";"";"";"";"";"";"";"Semi-Presencial";"ENSINO DE MÚSICA EM MÚLTIPLOS CONTEXTOS"
"65131";"MODULO";"IMD0126";"L";"INTRODUÇÃO A IOT E SISTEMAS EMBARCADOS";"INSTITUTO METROPOLE DIGITAL";"15";"15";"0";"30";"0";"0";"Conceitos de comunicação entre dispositivos, com a intenção do modelo de comunicação que pode ser feito com os dados coletados. Vantagens da adoção do IoT para a gestão das empresas. Soluções e um histórico da evolução de cada plataforma e introdução da maneira utilizar as plataformas.
Apresentar as áreas relacionadas a IoT, tais como: cidades inteligentes, assistência à saúde, logística, energia, dentre outras. 
";"";"";"";"";"";"";"";"";"";"";"";"Semi-Presencial";"SISTEMAS EMBARCADOS PARA INTERNET DAS COISAS"
"65132";"MODULO";"IMD0127";"L";"INSTRUMENTAÇÃO PARA IOT";"INSTITUTO METROPOLE DIGITAL";"15";"15";"0";"30";"0";"0";"Apresentar os conceitos de instrumentação eletrônica aplicada a IoT, visando a aplicação em sistemas embarcados de alto e baixo grau de processamento de informações e desempenho. Implementar uma aplicação com rede de sensores utilizando plataformas embarcadas e revisar todos os conceitos pertinentes para o entendimento da aplicação das teorias da instrumentação. Ainda apresentar os sistema de alimentação adequados para plataformas em IoT.
";"";"";"";"";"";"";"";"";"";"";"";"Semi-Presencial";"SISTEMAS EMBARCADOS PARA INTERNET DAS COISAS"
"65133";"MODULO";"IMD0128";"L";"PLATAFORMAS PARA IOT I: MICROCONTROLADORES";"INSTITUTO METROPOLE DIGITAL";"15";"15";"0";"30";"0";"0";"Arquitetura e características de plataformas microcontroladas. Desenvolvimento de aplicações IoT baseadas em plataformas microcontroladas.
";"";"";"";"";"";"";"";"";"";"";"";"Semi-Presencial";"SISTEMAS EMBARCADOS PARA INTERNET DAS COISAS"
"65134";"MODULO";"IMD0129";"L";"PLATAFORMAS PARA IOT II: MICROPROCESSADORES E COMPUTADORES EMBARCADOS";"INSTITUTO METROPOLE DIGITAL";"15";"15";"0";"30";"0";"0";"Arquiteturas e características de plataformas microprocessadas. Desenvolvimento aplicações IoT baseadas em plataformas microprocessadas e computadores embarcados.
";"";"";"";"";"";"";"";"";"";"";"";"Semi-Presencial";"SISTEMAS EMBARCADOS PARA INTERNET DAS COISAS"
"65135";"MODULO";"IMD0130";"L";"METODOLOGÍAS DE PROJETO EM SISTEMAS EMBARCADOS PARA IOT";"INSTITUTO METROPOLE DIGITAL";"15";"15";"0";"30";"0";"0";"Introdução aos sistemas embarcados. Conceitos de projetos e gerenciamento de projetos. Especificação e modelagem de sistemas embarcados para IoT. Metodologias de projetos em sistemas embarcados para IoT. Implementação e acompanhamento do projeto. Ferramentas de projetos de sistemas embarcados. Particionamento entre hardware e software e camada de interfaceamento. Implementação e validação de sistemas embarcados.
";"";"";"";"";"";"";"";"";"";"";"";"Semi-Presencial";"SISTEMAS EMBARCADOS PARA INTERNET DAS COISAS"
"65136";"MODULO";"IMD0131";"L";"PROJETO COM PLATAFORMAS PARA IOT";"INSTITUTO METROPOLE DIGITAL";"15";"15";"0";"30";"0";"0";"Projeto com domínio de aplicação em:
Agriculture/Livestock
Smart cars / home / cities
Health
Industrial Automation
Wearables
Security
Retail
Robotics 
";"";"";"";"";"";"";"";"";"";"";"";"Semi-Presencial";"SISTEMAS EMBARCADOS PARA INTERNET DAS COISAS"
"65137";"MODULO";"IMD0132";"L";"ARQUITETURA, COMUNICAÇÃO E INFRAESTRUTURA DE IOT";"INSTITUTO METROPOLE DIGITAL";"15";"15";"0";"30";"0";"0";"Histórico  e  tendências.  Funcionalidades.  Estrutura  e  arquitetura  de  sistemas  operacionais embarcados. Gerência de processos e  threads. Impasses: detecção, modelagem e tratamento. Memória.  Entrada  e  saída:  princípios  de hardware  e  software,  drivers e dispositivos  periféricos.  Sistema  de  arquivos. Proteção e segurança. Sistemas com múltiplos processadores. Virtualização de sistema operacional. Escalonamento de tempo real. Aplicações de tempo real. Aspectos temporais de um sistema operacional embarcado de tempo real.
";"";"";"";"";"";"";"";"";"";"";"";"Semi-Presencial";"SISTEMAS EMBARCADOS PARA INTERNET DAS COISAS"
"65138";"MODULO";"IMD0133";"L";"SISTEMA OPERACIONAL EMBARCADO";"INSTITUTO METROPOLE DIGITAL";"15";"15";"0";"30";"0";"0";"O objetivo dessa disciplina é munir o discente de ferramentas que permitem customização e implantação de sistemas operacionais embarcados, a fim de fornecer soluções de IoT auto contidas em plataformas microprocessadas.
 
Objetivos secundários:
Apresentar aos discentes conceitos básicos de Sistemas Operacionais.
Apresentar aos discentes estruturas e arquiteturas de sistemas operacionais.
Apresentar aos maneiras de customizar, modificar e implementar sistemas operacionais em plataformas embarcadas.
Apresentar aos discentes os princípios relacionados com a implementação de drivers e dispositivos incorporados ao SO.
Apresentar aos discentes possíveis variações na arquitetura básica de um sistema operacional a fim de resolver problemas específicos: SO de Tempo Real e Virtualização de SOs.
Apresentar aos discentes aplicações de IoT que usam sistema operacional embarcado como base.
";"";"";"";"";"";"";"";"";"";"";"";"Semi-Presencial";"SISTEMAS EMBARCADOS PARA INTERNET DAS COISAS"
"65139";"MODULO";"IMD0134";"L";"PROGRAMAÇÃO WEB APLICADA A SISTEMAS DE IOT";"INSTITUTO METROPOLE DIGITAL";"15";"15";"0";"30";"0";"0";"Histórico e evolução do desenvolvimento web. Modelo OSI. Protocolos da camada de aplicação. Protocolos da camada de transporte. Programação web do lado cliente. Programação web do lado servidor. Conexão com banco de dados. Arquivos de metadados. Escrita e consumo de metadados. APIs de programação web para IoT. 
";"";"";"";"";"";"";"";"";"";"";"";"Semi-Presencial";"SISTEMAS EMBARCADOS PARA INTERNET DAS COISAS"
"65140";"MODULO";"IMD0135";"L";"PROGRAMAÇÃO DE DISPOSITIVOS MÓVEIS APLICADA A SISTEMAS DE IOT";"INSTITUTO METROPOLE DIGITAL";"15";"15";"0";"30";"0";"0";"Histórico de desenvolvimento de aplicações para dispositivos móveis. Desenvolvimento de aplicações para dispositivos móveis. Integração de aplicações móveis com sistemas IoT na web. Integração de aplicações móveis com sistemas IoT com conectividade local.";"";"";"";"";"";"";"";"";"";"";"";"Semi-Presencial";"SISTEMAS EMBARCADOS PARA INTERNET DAS COISAS"
"65141";"MODULO";"IMD0136";"L";"PROTOTIPAGEM ELETROMECÂNICA E INTEGRAÇÃO DE SISTEMAS EMBARCADOS";"INSTITUTO METROPOLE DIGITAL";"15";"15";"0";"30";"0";"0";"Projeto e teste dos esquemáticos em ambientes integrados específicos. Implementação de circuitos em várias faces. Concepção, desenvolvimento e implementação de circuitos simples e complexos em placas de circuito impresso utilizando prototipadoras de circuitos ou métodos convencionais. Projeto e confecção de peças mecânicas utilizando técnicas de prototipagem rápida em 3D. Integração de plataformas com diversos sensores e periféricos.
";"";"";"";"";"";"";"";"";"";"";"";"Semi-Presencial";"SISTEMAS EMBARCADOS PARA INTERNET DAS COISAS"
"65142";"MODULO";"IMD0137";"L";"EMPREENDEDORISMO E INOVAÇÃO EM PROJETOS IOT";"INSTITUTO METROPOLE DIGITAL";"15";"15";"0";"30";"0";"0";"Modelos de negócios com IoT. Formalização de ideias de negócios para IoT. Avaliação financeira de cenários com projetos de IoT. Ferramentas de gestão e desenvolvimento de projetos. Desenvolvimento de projeto em IoT. Proteção de propriedade intelectual. Legislação de suporte à inovação.
";"";"";"";"";"";"";"";"";"";"";"";"Semi-Presencial";"SISTEMAS EMBARCADOS PARA INTERNET DAS COISAS"
"65718";"MODULO";"EDU0071";"L";"REQUISITOS OPERACIONAIS PARA A APRENDIZAGEM COLABORATIVA EM AMBIENTES VIRTUAIS";"DEPARTAMENTO DE EDUCAÇÃO - CERES";"8";"28";"0";"36";"0";"0";"Construção de ambientes virtuais para a aprendizagem colaborativa de línguas via tandem, uso de ferramentas de produção de conteúdo digital e de vídeo conferencia via web.";"";"";"";"";"";"";"";"";"";"";"";"Semi-Presencial";"AEE: APRENDIZAGEM COLABORATIVA E INTERCULTURAL DE LÍNGUA PORTUGUESA POR SURDOS"
"65719";"MODULO";"EDU0072";"L";"METODOLOGIAS DE ENSINO DE LÍNGUA PORTUGUESA PARA SURDOS";"DEPARTAMENTO DE EDUCAÇÃO - CERES";"36";"0";"0";"36";"0";"0";"Estudo das diversas metodologias e estratégias de ensino da língua português para surdos, levando em conta o sociointeracionismo. Pesquisa e debate sobre os problemas eu os surdos enfrentam na aprendizagem da língua portuguesa.";"";"";"";"";"";"";"";"";"";"";"";"Semi-Presencial";"AEE: APRENDIZAGEM COLABORATIVA E INTERCULTURAL DE LÍNGUA PORTUGUESA POR SURDOS"
"65733";"MODULO";"EDU0073";"L";"FUNDAMENTOS NA EDUCAÇÃO DE SURDOS";"DEPARTAMENTO DE EDUCAÇÃO - CERES";"36";"0";"0";"36";"0";"0";"Estudo das teorias e conceitos envolvidos na: Educação Especial, Inclusão , Educação Inclusiva e o AEE para surdos. Discussão dos pontos positivos e negativos de cada perspectiva.";"";"";"";"";"";"";"";"";"";"";"";"Semi-Presencial";"AEE: APRENDIZAGEM COLABORATIVA E INTERCULTURAL DE LÍNGUA PORTUGUESA POR SURDOS"
"65790";"MODULO";"EDU0074";"L";"METODOLOGIA DO ENSINO SUPERIOR";"DEPARTAMENTO DE EDUCAÇÃO - CERES";"36";"0";"0";"36";"0";"0";"DIDÁTICA NO ENSINO SUPERIOR. A APRENDIZAGEM DO ADULTO. OS ELEMENTOS DO PROCESSO DE ENSINO APRENDIZAGEM. O CONTRATO DIDÁTICO.";"";"";"";"";"";"";"";"";"";"";"";"Semi-Presencial";"AEE: APRENDIZAGEM COLABORATIVA E INTERCULTURAL DE LÍNGUA PORTUGUESA POR SURDOS"
"65791";"MODULO";"EDU0075";"L";"INTRODUÇÃO À EDUCAÇÃO ESPECIAL E AO ATENDIMENTO EDUCACIONAL ESPECIALIZADO";"DEPARTAMENTO DE EDUCAÇÃO - CERES";"36";"0";"0";"36";"0";"0";"Aspectos históricos relativos à Educação Especial, no Brasil. A oferta de Educação Especial em instituições especializadas de caráter público e privado. O atendimento educacional especializado no contexto das políticas educacionais inclusivas. Concepções sobre a condição de deficiência e sua relação com a educação oferecida a pessoas que a apresentam.";"";"";"";"";"";"";"";"";"";"";"";"Semi-Presencial";"AEE: APRENDIZAGEM COLABORATIVA E INTERCULTURAL DE LÍNGUA PORTUGUESA POR SURDOS"
"65792";"MODULO";"EDU0076";"L";"POLÍTICAS PÚBLICAS NA EDUCAÇÃO ESPECIAL INCLUSIVA";"DEPARTAMENTO DE EDUCAÇÃO - CERES";"36";"0";"0";"36";"0";"0";"Discussão conceitual sobre Educação Especial e Educação Inclusiva. A Educação Especial nas políticas educacionais do Brasil. Marcos orientadores e normativos referentes às atuais políticas públicas de educação especial na perspectiva da educação inclusiva. ";"";"";"";"";"";"";"";"";"";"";"";"Semi-Presencial";"AEE: APRENDIZAGEM COLABORATIVA E INTERCULTURAL DE LÍNGUA PORTUGUESA POR SURDOS"
"65793";"MODULO";"EDU0077";"L";"FUNDAMENTOS FILOSÓFICOS DA EDUCAÇÃO INCLUSIVA";"DEPARTAMENTO DE EDUCAÇÃO - CERES";"36";"0";"0";"36";"0";"0";"Perspectivas históricas e conceituais da Educação Especial e Inclusiva. Pressupostos sociais, educacionais e políticos. Construção da identidade pessoal, social e a igualdade na diversidade. Atenção as pessoas com necessidades especiais. A Escola Inclusiva é espaço de construção de cidadania.";"";"";"";"";"";"";"";"";"";"";"";"Semi-Presencial";"AEE: APRENDIZAGEM COLABORATIVA E INTERCULTURAL DE LÍNGUA PORTUGUESA POR SURDOS"
"65794";"MODULO";"EDU0078";"L";"APRENDIZAGEM COLABORATIVA DE LÍNGUAS";"DEPARTAMENTO DE EDUCAÇÃO - CERES";"36";"0";"0";"36";"0";"0";"Definição de aprendizagem colaborativa com base nos estudos de Lev Vigotski, estudo dos  conceitos de mediação e interação no processo de aprendizagem, zona de desenvolvimento proximal, desenvolvimento real e potencial. Apresentação e discussão do processo de ensino-aprendizagem de línguas adicionais via tandem e sua relação com os conceitos apresentados.
";"";"";"";"";"";"";"";"";"";"";"";"Semi-Presencial";"AEE: APRENDIZAGEM COLABORATIVA E INTERCULTURAL DE LÍNGUA PORTUGUESA POR SURDOS"
"65795";"MODULO";"EDU0079";"L";"LINGUÍSTICA APLICADA I: ENSINO-APRENDIZAGEM DE LÍNGUAS";"DEPARTAMENTO DE EDUCAÇÃO - CERES";"36";"0";"0";"36";"0";"0";"Fundamentos teóricos da Linguística Aplicada (LA) e suas contribuições para a compreensão e potencialização do complexo processo de ensinar e aprender línguas.";"";"";"";"";"";"";"";"";"";"";"";"Semi-Presencial";"AEE: APRENDIZAGEM COLABORATIVA E INTERCULTURAL DE LÍNGUA PORTUGUESA POR SURDOS"
"65796";"MODULO";"EDU0080";"L";"LINGUÍSTICA APLICADA II: PRINCÍPIOS DA APRENDIZAGEM COLABORATIVA";"DEPARTAMENTO DE EDUCAÇÃO - CERES";"36";"0";"0";"36";"0";"0";"A perspectiva sociocultural do desenvolvimento humano e seus desbobramentos para o complexo processo de ensino-aprendizagem de línguas. Considerações teórico-reflexivas a respeito da aprendizagem colaborativa e a necessidade de adaptação do ensino de línguas adicionais ao contexto tecnológico atual. Do tandem ao Teletandem. O teletandem como possibilidade para a aprendizagem colaborativa e intercultural de línguas. ";"";"";"";"";"";"";"";"";"";"";"";"Semi-Presencial";"AEE: APRENDIZAGEM COLABORATIVA E INTERCULTURAL DE LÍNGUA PORTUGUESA POR SURDOS"
"65800";"MODULO";"EDU0081";"L";"METODOLOGIA DA PESQUISA CIENTÍFICA";"DEPARTAMENTO DE EDUCAÇÃO - CERES";"36";"0";"0";"36";"0";"0";"Teoria e prática dos fundamentos da investigação científica. A escrita acadêmica. Aspectos formais e estruturais de gêneros textuais: do projeto a sua implementação.";"";"";"";"";"";"";"";"";"";"";"";"Semi-Presencial";"AEE: APRENDIZAGEM COLABORATIVA E INTERCULTURAL DE LÍNGUA PORTUGUESA POR SURDOS"
