"titulo";"produto_gerado";"tiragem";"situacao";"tipo_projeto";"tipo_produto";"ano";"data_inicio";"data_fim";"unidade";"forma_projeto";"area_principal";"area_conhecimento_cnpq";"quantidade_discente";"publico_estimado";"bolsas_concedidas";
"3ª edição da Revista Transgressões: Ciências Criminais em Debate";"";"1";"CONCLUÍDA";"PRODUTO";"REVISTA";"2014";"2014-01-01";"2014-05-20";"DEPARTAMENTO DE DIREITO PUBLICO";"INTERNO";"DIREITOS HUMANOS E JUSTIÇA";"Ciências Sociais Aplicadas";"18";"50";"0";
" Acidentes na Infância: Como prevenir?";"";"2";"CONCLUÍDA";"PRODUTO";"OUTROS";"2014";"2014-09-22";"2015-09-22";"DEPARTAMENTO DE PEDIATRIA";"INTERNO";"SAÚDE";"Ciências da Saúde";"5";"500";"0";
"Aconteceu quando ainda não estávamos aqui: Depoimento de quem viveu o regime militar para quem não o viu.";"";"300";"CONCLUÍDA";"PRODUTO";"PRODUTO AUDIOVISUAL - VÍDEO";"2014";"2014-11-19";"2014-12-04";"DEPARTAMENTO DE COMUNICAÇÃO SOCIAL";"INTERNO";"COMUNICAÇÃO";"Ciências Sociais Aplicadas";"34";"1140";"0";
"Adesivo com orientações para as mães na alta da maternidade";"Programa de Ações e Práticas Inovadoras de Ensino do Departamento de Pediatria da UFRN";"100";"CONCLUÍDA";"PRODUTO";"OUTROS";"2012";"2012-09-03";"2012-10-21";"DEPARTAMENTO DE PEDIATRIA";"INTERNO";"SAÚDE";"Ciências da Saúde";"5";"17";"0";
"Adolescentes grávidas do RN é tema de pesquisa de professora do Centro de Biociências";"Atividade: desenvolvimento de uma atividade entre alunos do curso de direito da UFRN e do curso de Medicina da UFRNncias";"1";"CONCLUÍDA";"PRODUTO";"COMUNICAÇÃO";"2016";"2016-12-01";"2016-12-30";"DEPARTAMENTO DE MICROBIOLOGIA E PARASITOLOGIA";"INTERNO";"DIREITOS HUMANOS E JUSTIÇA";"Ciências Exatas e da Terra";"1";"10";"0";
"A EFICIÊNCIA FINANCEIRA E ESPORTIVA DOS MAIORES CLUBES DE FUTEBOL EUROPEUS UTILIZANDO A ANÁLISE ENVOLTÓRIA DE DADOS";"";"0";"CONCLUÍDA";"PRODUTO";"ARTIGO";"2012";"2011-08-01";"2012-01-31";"DEPARTAMENTO DE CIÊNCIAS CONTÁBEIS";"INTERNO";"TECNOLOGIA E PRODUÇÃO";"Ciências Sociais Aplicadas";"1";"100";"0";
"A ESCOLA PÚBLICA COMO ORGANIZAÇÃO TRANSFORMADORA: POLÍTICAS NA ÁREA DA EDUCAÇÃO PARA REDUÇÃO DA VIOLÊNCIA INFANTO-JUVENIL";"Planejamento Estratégico Situacional na Administração Pública: enfoque em escolas pública, 3° edição.";"2";"CONCLUÍDA";"PRODUTO";"ARTIGO";"2016";"2016-09-02";"2016-12-03";"DEPARTAMENTO DE CIÊNCIAS ADMINISTRATIVAS";"INTERNO";"TECNOLOGIA E PRODUÇÃO";"Ciências Sociais Aplicadas";"1";"14";"0";
"AME: verbo no imperativo que ordena amar.";"Trabalho final da disciplina "Deficiência no Contexto da Sociedade";"1";"CONCLUÍDA";"PRODUTO";"PRODUTO AUDIOVISUAL - VÍDEO";"2015";"2015-12-03";"2015-12-03";"DEPARTAMENTO DE FISIOTERAPIA";"INTERNO";"SAÚDE";"Ciências da Saúde";"7";"30";"0";
"ANÁLISE BIBLIOMÉTRICA DA PRODUÇÃO CIENTÍFICA RECENTE SOBRE CONTABILIDADE GERENCIAL";"";"1";"CONCLUÍDA";"PRODUTO";"ARTIGO";"2012";"2012-05-01";"2012-05-31";"DEPARTAMENTO DE CIÊNCIAS CONTÁBEIS";"INTERNO";"EDUCAÇÃO";"Ciências Sociais Aplicadas";"1";"100";"0";
"ANÁLISE DA EFICIÊNCIA DAS UNIDADES DE SAÚDE DA FAMÍLIA (USF) DO MUNICÍPIO DE NATAL/RN";"Análise de ferramentas e práticas de inovação na gestão pública";"2";"CONCLUÍDA";"PRODUTO";"ARTIGO";"2016";"2016-10-03";"2016-10-29";"DEPARTAMENTO DE CIÊNCIAS ADMINISTRATIVAS";"INTERNO";"TECNOLOGIA E PRODUÇÃO";"Ciências Sociais Aplicadas";"1";"20";"0";
"Análise da eficiência dos gastos públicos com educação nas capitais brasileiras, nos anos de 2007 e 2009.";"";"100";"CONCLUÍDA";"PRODUTO";"ARTIGO";"2012";"2012-07-01";"2012-07-25";"DEPARTAMENTO DE CIÊNCIAS CONTÁBEIS";"INTERNO";"EDUCAÇÃO";"Ciências Sociais Aplicadas";"1";"100";"0";
"Análise da eficiência dos gastos públicos em educação dos municípios do Estado do do Rio Grande do Norte nos anos de 2007 e 2009.";"";"100";"CONCLUÍDA";"PRODUTO";"ARTIGO";"2012";"2012-07-01";"2012-07-25";"DEPARTAMENTO DE CIÊNCIAS CONTÁBEIS";"INTERNO";"EDUCAÇÃO";"Ciências Sociais Aplicadas";"1";"100";"0";
"Análise das demonstrações contábeis das entidades de construção civil registradas no Novo Mercado no período de 2008 a 2012.";"";"16";"CONCLUÍDA";"PRODUTO";"RELATÓRIO TÉCNICO";"2013";"2013-05-02";"2013-06-14";"DEPARTAMENTO DE CIÊNCIAS CONTÁBEIS";"INTERNO";"EDUCAÇÃO";"Ciências Sociais Aplicadas";"23";"25";"0";
"Análise das demonstrações financeiras de empresas de capital aberto: um estudo de caso de empresas brasileiras registradas na CVM no triênio 2007-2009.";"";"100";"CONCLUÍDA";"PRODUTO";"RELATÓRIO TÉCNICO";"2010";"2010-09-01";"2010-12-17";"DEPARTAMENTO DE CIÊNCIAS CONTÁBEIS";"INTERNO";"EDUCAÇÃO";"Ciências Sociais Aplicadas";"40";"300";"0";
"ANÁLISE DE FERRAMENTAS E PRÁTICAS DE INOVAÇÃO NA GESTÃO PÚBLICA: FERRAMENTA GERENCIAL SISTEMA GESTÃO ESCOLAR: APLICADA AS ESCOLAS PÚBLICAS MUNICIPAIS DA CIDADE DE AREZ";"Análise de ferramentas e práticas de inovação na gestão pública";"2";"CONCLUÍDA";"PRODUTO";"RELATÓRIO TÉCNICO";"2016";"2016-09-19";"2016-10-29";"DEPARTAMENTO DE CIÊNCIAS ADMINISTRATIVAS";"INTERNO";"TECNOLOGIA E PRODUÇÃO";"Ciências Sociais Aplicadas";"4";"20";"0";
"ANÁLISE DO COMPORTAMENTO DO MERCADO DE AÇÕES EM CLUBES DE FUTEBOL";"";"0";"CONCLUÍDA";"PRODUTO";"ARTIGO";"2011";"2010-07-01";"2011-01-31";"DEPARTAMENTO DE CIÊNCIAS CONTÁBEIS";"INTERNO";"EDUCAÇÃO";"Ciências Sociais Aplicadas";"1";"100";"0";
"ANÁLISE DO PERFIL DA PRODUÇÃO CIENTÍFICA SOBRE CICLO DE VIDA NO PERÍODO DE 2000 A 2011";"";"1";"CONCLUÍDA";"PRODUTO";"ARTIGO";"2012";"2012-05-01";"2012-05-31";"DEPARTAMENTO DE CIÊNCIAS CONTÁBEIS";"INTERNO";"EDUCAÇÃO";"Ciências Sociais Aplicadas";"1";"100";"0";
"Angiologia para Clínicos - Condutas Práticas em Angiologia, Cirurgia Vascular e Angiorradiologia";"";"5000";"CONCLUÍDA";"PRODUTO";"LIVRO";"2010";"2010-02-17";"2010-11-30";"DEPARTAMENTO DE MEDICINA INTEGRADA";"INTERNO";"SAÚDE";"Ciências da Saúde";"0";"5000";"0";
"A Noite, de Harold Pinter: uma adaptação audiovisual ";"";"6";"CONCLUÍDA";"PRODUTO";"PRODUTO AUDIOVISUAL - VÍDEO";"2012";"2012-04-03";"2012-06-26";"DEPARTAMENTO DE COMUNICAÇÃO SOCIAL";"INTERNO";"COMUNICAÇÃO";"Ciências Sociais Aplicadas";"10";"30";"0";
" Anuário de Gestão da Inovação do Setor Público ";"Componente Gestão da Inovação - MGPI";"100";"CONCLUÍDA";"PRODUTO";"LIVRO";"2015";"2015-09-15";"2015-12-30";"DEPARTAMENTO DE DIREITO PUBLICO";"INTERNO";"EDUCAÇÃO";"Outra";"0";"100";"0";
"Aplicativo para Auxilio de Exames de imagens de Imunohistoquimica";"";"10000000";"CONCLUÍDA";"PRODUTO";"APLICATIVO PARA COMPUTADOR";"2013";"2013-06-23";"2014-06-23";"DEPARTAMENTO DE ENGENHARIA ELÉTRICA";"INTERNO";"SAÚDE";"Engenharias";"0";"1";"0";
"Apostila de Auditoria e Perícia Governamental";"";"50";"CONCLUÍDA";"PRODUTO";"OUTROS";"2010";"2010-08-31";"2010-09-18";"DEPARTAMENTO DE CIÊNCIAS CONTÁBEIS";"INTERNO";"EDUCAÇÃO";"Ciências Sociais Aplicadas";"0";"50";"0";
"Apostila de Auditoria Governamental";"";"150";"CONCLUÍDA";"PRODUTO";"OUTROS";"2010";"2010-08-09";"2010-08-31";"DEPARTAMENTO DE CIÊNCIAS CONTÁBEIS";"INTERNO";"EDUCAÇÃO";"Ciências Sociais Aplicadas";"0";"150";"0";
"Apostila de Contabilidade Governamental";"";"30";"CONCLUÍDA";"PRODUTO";"OUTROS";"2010";"2010-04-01";"2010-07-31";"DEPARTAMENTO DE CIÊNCIAS CONTÁBEIS";"INTERNO";"EDUCAÇÃO";"Ciências Sociais Aplicadas";"0";"30";"0";
"Apostila de Controladoria Governamental";"";"150";"CONCLUÍDA";"PRODUTO";"OUTROS";"2010";"2010-08-09";"2010-08-31";"DEPARTAMENTO DE CIÊNCIAS CONTÁBEIS";"INTERNO";"EDUCAÇÃO";"Ciências Sociais Aplicadas";"0";"150";"0";
"APOSTILA DE INTRODUÇÃO À AUDITORIA";"";"150";"CONCLUÍDA";"PRODUTO";"OUTROS";"2010";"2010-08-19";"2010-09-30";"DEPARTAMENTO DE CIÊNCIAS CONTÁBEIS";"INTERNO";"EDUCAÇÃO";"Ciências Sociais Aplicadas";"0";"150";"0";
"APOSTILA DE INVESTIMENTO E FINANÇAS";"";"1";"CONCLUÍDA";"PRODUTO";"CARTILHA";"2012";"2012-01-01";"2012-03-31";"DEPARTAMENTO DE CIÊNCIAS CONTÁBEIS";"INTERNO";"EDUCAÇÃO";"Ciências Sociais Aplicadas";"1";"100";"0";
"Apostila de Orçamento Público";"";"150";"CONCLUÍDA";"PRODUTO";"OUTROS";"2010";"2010-08-09";"2010-09-18";"DEPARTAMENTO DE CIÊNCIAS CONTÁBEIS";"INTERNO";"EDUCAÇÃO";"Ciências Sociais Aplicadas";"0";"150";"0";
"Apostila do Curso de SIAFI-EDUCACIONAL - Prática de Contabilidade Governamental";"";"20";"CONCLUÍDA";"PRODUTO";"OUTROS";"2010";"2010-04-01";"2010-04-30";"DEPARTAMENTO DE CIÊNCIAS CONTÁBEIS";"INTERNO";"EDUCAÇÃO";"Ciências Sociais Aplicadas";"20";"20";"0";
"Apostila do Curso de Treino-SIASG  Prática de Contabilidade Governamental";"";"100";"CONCLUÍDA";"PRODUTO";"OUTROS";"2010";"2010-10-04";"2010-10-25";"DEPARTAMENTO DE CIÊNCIAS CONTÁBEIS";"INTERNO";"EDUCAÇÃO";"Ciências Sociais Aplicadas";"0";"100";"0";
"Apostila do Curso sobre Elaboração de Trabalhos Científicos em Contabilidade (EAD)  Material didático.";"";"50";"CONCLUÍDA";"PRODUTO";"OUTROS";"2011";"2011-08-08";"2011-09-23";"DEPARTAMENTO DE CIÊNCIAS CONTÁBEIS";"INTERNO";"EDUCAÇÃO";"Ciências Sociais Aplicadas";"0";"50";"0";
"Apostila dos Sistemas Integrados do Governo Federal: SIAFI e SIASG";"";"20";"CONCLUÍDA";"PRODUTO";"OUTROS";"2010";"2010-04-01";"2010-04-30";"DEPARTAMENTO DE CIÊNCIAS CONTÁBEIS";"INTERNO";"EDUCAÇÃO";"Ciências Sociais Aplicadas";"20";"20";"0";
"APOSTILA SOBRE CONTROLADORIA EMPRESARIAL";"";"100";"CONCLUÍDA";"PRODUTO";"OUTROS";"2011";"2011-01-01";"2011-02-28";"DEPARTAMENTO DE CIÊNCIAS CONTÁBEIS";"INTERNO";"EDUCAÇÃO";"Ciências Sociais Aplicadas";"0";"100";"0";
"Apostila sobre Tecnologia para o Setor de Cerâmica Vermelha";"";"1000";"CONCLUÍDA";"PRODUTO";"OUTROS";"2008";"2008-12-01";"2009-02-28";"DEPARTAMENTO DE ENGENHARIA DE MATERIAIS";"INTERNO";"TECNOLOGIA E PRODUÇÃO";"Engenharias";"1";"1000";"0";
"A prática de atividades físicas na inclusão de pessoas com deficiência.";"";"1";"CONCLUÍDA";"PRODUTO";"PRODUTO AUDIOVISUAL - VÍDEO";"2015";"2015-12-03";"2015-12-03";"DEPARTAMENTO DE FISIOTERAPIA";"INTERNO";"DIREITOS HUMANOS E JUSTIÇA";"Ciências da Saúde";"6";"30";"0";
"A quantas andam as parasitoses no interior do nosso Estado?";"EOSINOFILIA SANGUÍNEA E PRESENÇA DE HELMINTÍASES INTESTINAIS EM CRIANÇAS E ESCOLARES DO MUNICIPIO DE SANTA-CRUZ-RN";"100";"CONCLUÍDA";"PRODUTO";"CARTILHA";"2016";"2016-12-30";"2017-01-05";"DEPARTAMENTO DE MICROBIOLOGIA E PARASITOLOGIA";"INTERNO";"SAÚDE";"Ciências da Saúde";"1";"10";"0";
"A RELAÇÃO DE RISCO E RETORNO NAS EMPRESAS INTEGRANTES DO ÍNDICE DE SUSTENTABILIDADE EMPRESARIAL NO PERÍODO DE 2008 A 2010";"";"1";"CONCLUÍDA";"PRODUTO";"ARTIGO";"2012";"2012-05-01";"2012-05-31";"DEPARTAMENTO DE CIÊNCIAS CONTÁBEIS";"INTERNO";"EDUCAÇÃO";"Ciências Sociais Aplicadas";"1";"100";"0";
"ASPECTOS LEGAIS DA SAÚDE DO TRABALHADOR: CARTILHA EDUCATIVA";"PROMOÇÃO DA SAÚDE OCUPACIONAL NO HUOL: ABORDAGEM FISIOTERAPÊUTICA DO ESTRESSE NO TRABALHADOR EM SAÚDE";"400";"CONCLUÍDA";"PRODUTO";"CARTILHA";"2015";"2015-06-22";"2015-11-28";"DEPARTAMENTO DE FISIOTERAPIA";"INTERNO";"DIREITOS HUMANOS E JUSTIÇA";"Ciências da Saúde";"1";"400";"0";
"ASSÉDIO MORAL NO TRABALHO - CARTILHA ELETRÔNICA";"";"500";"CONCLUÍDA";"PRODUTO";"CARTILHA";"2016";"2016-04-22";"2016-07-29";"DEPARTAMENTO DE FISIOTERAPIA";"INTERNO";"TRABALHO";"Ciências da Saúde";"0";"500";"0";
"ATENÇÃO BÁSICA À SAÚDE: A EXPERIÊNCIA DO PET-SAÚDE EM SANTARÉM";"PROGRAMA PET-SAÚDE UFRN/SMS - PERÍODO 2010-2012";"1500";"CONCLUÍDA";"PRODUTO";"LIVRO";"2013";"2013-04-13";"2013-08-31";"DEPARTAMENTO DE FISIOTERAPIA";"INTERNO";"SAÚDE";"Ciências da Saúde";"0";"300";"0";
"Atualização do website do curso de Bacharelado em Sistemas de Informação";"";"1";"CONCLUÍDA";"PRODUTO";"OUTROS";"2010";"2010-02-22";"2010-07-09";"CERES - DEPTO CIÊNCIAS EXATAS E APLICADAS";"INTERNO";"TECNOLOGIA E PRODUÇÃO";"Ciências Exatas e da Terra";"1";"300";"0";
"AUDITORIA DE ESTOQUES: Um estudo de caso no almoxarifado do Centro de Ciências Sociais Aplicadas da UFRN";"";"1";"CONCLUÍDA";"PRODUTO";"ARTIGO";"2011";"2011-12-19";"2011-12-22";"DEPARTAMENTO DE CIÊNCIAS CONTÁBEIS";"INTERNO";"EDUCAÇÃO";"Ciências Sociais Aplicadas";"3";"30";"0";
"Auditorias nos Sistemas Integrados do Governo Federal: SIAFI e SIASG";"";"5";"CONCLUÍDA";"PRODUTO";"ARTIGO";"2010";"2010-03-24";"2010-05-31";"DEPARTAMENTO DE CIÊNCIAS CONTÁBEIS";"INTERNO";"COMUNICAÇÃO";"Ciências Sociais Aplicadas";"4";"100";"0";
"AVALIAÇÃO CINÉTICO-FUNCIONAL COMPLEMENTAR:
Interpretação Funcional de Exames Radiológicos";"";"500";"CONCLUÍDA";"PRODUTO";"LIVRO";"2011";"2011-11-30";"2012-11-30";"HOSPITAL UNIVERSITÁRIO ONOFRE LOPES";"INTERNO";"SAÚDE";"Ciências da Saúde";"0";"500";"0";
"AVALIAÇÃO DA EFICIÊNCIA ECONÔMICO-FINANCEIRA DAS EMPRESAS INTEGRANTES DO ÍNDICE DE SUSTENTABILIDADE EMPRESARIAL POR MEIO DA ANÁLISE ENVOLTÓRIA DE DADOS";"";"0";"CONCLUÍDA";"PRODUTO";"ARTIGO";"2011";"2011-07-01";"2011-12-31";"DEPARTAMENTO DE CIÊNCIAS CONTÁBEIS";"INTERNO";"TECNOLOGIA E PRODUÇÃO";"Ciências Sociais Aplicadas";"1";"100";"0";
"Avaliação de materiais de suporte didático para o ensino fundamental na área de História";"";"30000";"CONCLUÍDA";"PRODUTO";"MANUAL";"2011";"2011-06-08";"2012-04-30";"DEPARTAMENTO DE HISTÓRIA";"INTERNO";"EDUCAÇÃO";"Ciências Humanas";"7";"50";"0";
"Avaliação dos livros didáticos de História inscritos no Edital PNLD 2014 anos finais do ensino fundamental";"";"1000";"CONCLUÍDA";"PRODUTO";"MANUAL";"2012";"2012-07-02";"2013-08-30";"DEPARTAMENTO DE HISTÓRIA";"INTERNO";"EDUCAÇÃO";"Ciências Humanas";"3";"30018";"0";
"BALANCED SCORECARD : O USO COMO FERRAMENTA DE PLANEJAMENTO ESTRATÉGICO NA GESTÃO DE UMA ESCOLA ESTADUAL EM NATAL-RN.";"Planejamento Estratégico Situacional na Administração Pública: enfoque em escolas pública, 3° edição.";"2";"CONCLUÍDA";"PRODUTO";"ARTIGO";"2016";"2016-10-02";"2016-12-02";"DEPARTAMENTO DE CIÊNCIAS ADMINISTRATIVAS";"INTERNO";"TECNOLOGIA E PRODUÇÃO";"Ciências Sociais Aplicadas";"4";"14";"0";
"BANNER DE ORIENTAÇÕES AS MAES DO ALOJAMENTO CONJUNTO SOB OS CUIDADOS DA FOTOTERAPIA";"Programa de Ações e Práticas Inovadoras de Ensino do Departamento de Pediatria da UFRN";"1";"CONCLUÍDA";"PRODUTO";"OUTROS";"2012";"2012-09-03";"2012-10-21";"DEPARTAMENTO DE PEDIATRIA";"INTERNO";"SAÚDE";"Ciências da Saúde";"5";"16";"0";
"BANNER: HIPOGLICEMIA NEONATAL";"ENCONTRO MULTIDISCIPLINAR 'ON THE JOB" PARA PADRONIZAÇÃO DO MANEJO DA HIPOGLICEMIA NEONATAL";"1";"CONCLUÍDA";"PRODUTO";"OUTROS";"2015";"2015-02-02";"2015-03-13";"DEPARTAMENTO DE PEDIATRIA";"INTERNO";"SAÚDE";"Ciências da Saúde";"7";"50";"0";
"Bens públicos: análises de registros contábeis dos bens de uso comum.";"";"100";"CONCLUÍDA";"PRODUTO";"ARTIGO";"2011";"2011-02-01";"2011-02-28";"DEPARTAMENTO DE CIÊNCIAS CONTÁBEIS";"INTERNO";"COMUNICAÇÃO";"Ciências Sociais Aplicadas";"1";"100";"0";
"Blog Estudos sobre Design";"";"1000";"EM EXECUÇÃO";"PRODUTO";"OUTROS";"2017";"2017-01-25";"2018-12-20";"DEPARTAMENTO DE ARTES";"INTERNO";"CULTURA";"Ciências Sociais Aplicadas";"0";"500";"0";
"Boletim da Incubadora da Cultura da UFRN (Programa Incubadora Cultural da UFRN)";"Plano Incubadora Cultural/ Plano de Cultura da UFRN - Edital Mais Cultura nas Universidades";"120";"CONCLUÍDA";"PRODUTO";"COMUNICAÇÃO";"2016";"2016-07-11";"2016-12-31";"DEPARTAMENTO DE POLÍTICAS PÚBLICAS";"INTERNO";"CULTURA";"Ciências Humanas";"1";"80";"0";
"Brincando de (re)criar histórias";"livro infantil";"200";"CONCLUÍDA";"PRODUTO";"LIVRO";"2013";"2013-08-26";"2013-12-17";"NÚCLEO DE EDUCAÇÃO DA INFÂNCIA";"INTERNO";"EDUCAÇÃO";"Ciências Sociais Aplicadas";"1";"50";"0";
"Caderno de Resumos - II Encontro Internacional de História Colonial";"";"600";"CONCLUÍDA";"PRODUTO";"OUTROS";"2008";"2008-04-04";"2008-08-04";"DEPARTAMENTO DE HISTÓRIA";"INTERNO";"CULTURA";"Ciências Humanas";"0";"600";"0";
"CADERNOS DE PESQUISA SOBRE INFORMAÇÃO NA SOCIEDADE CONTEMPORÂNEA";"";"1";"CONCLUÍDA";"PRODUTO";"OUTROS";"2008";"2008-04-07";"2008-08-07";"DEPARTAMENTO DE CIÊNCIA DA INFORMAÇÃO";"INTERNO";"EDUCAÇÃO";"Ciências Sociais Aplicadas";"0";"5000";"0";
"Cão Guia Acessível";"";"5";"CONCLUÍDA";"PRODUTO";"OUTROS";"2015";"2015-05-29";"2017-05-29";"INSTITUTO METROPOLE DIGITAL";"INTERNO";"TECNOLOGIA E PRODUÇÃO";"Ciências Exatas e da Terra";"1";"60";"0";
"Capitania do Rio Grande: histórias e colonização na América portuguesa";"";"300";"CONCLUÍDA";"PRODUTO";"LIVRO";"2013";"2013-05-16";"2013-10-31";"CERES - DEPARTAMENTO DE HISTÓRIA";"INTERNO";"EDUCAÇÃO";"Ciências Humanas";"2";"1000";"0";
"Carcinogênese: mutação do Ras";"";"1";"CONCLUÍDA";"PRODUTO";"PRODUTO ARTÍSTICO";"2012";"2012-10-01";"2012-10-15";"DEPARTAMENTO DE PATOLOGIA";"INTERNO";"SAÚDE";"Ciências da Saúde";"0";"50";"0";
"Cardápios: Criando um sistema de apoio ao planejamento e prescrição de cardápios em Unidades de Alimentação e Nutrição";"Projeto SIGRU: Criando uma ferramenta apoio ao trabalho para os Restaurantes Universitários da UFRN";"1";"EM EXECUÇÃO";"PRODUTO";"PRODUTO AUDIOVISUAL - VÍDEO";"2017";"2017-09-01";"2017-12-31";"ESCOLA AGRÍCOLA DE JUNDIAÍ";"INTERNO";"TECNOLOGIA E PRODUÇÃO";"Ciências da Saúde";"2";"4";"1";
"CARTILHA 1 DA SÉRIE "FALA MÃE LUIZA";"";"3000";"CONCLUÍDA";"PRODUTO";"CARTILHA";"2008";"2008-04-11";"2008-08-11";"DEPARTAMENTO DE ARQUITETURA";"INTERNO";"MEIO AMBIENTE";"Ciências Sociais Aplicadas";"3";"3000";"0";
"CARTILHA DE BOAS PRÁTICAS ERGONÔMICAS NO USO DAS TECNOLOGIAS DE INFORMAÇÃO E COMUNICAÇÃO";"";"1";"CONCLUÍDA";"PRODUTO";"OUTROS";"2008";"2008-04-03";"2008-08-03";"DEPARTAMENTO DE CIÊNCIA DA INFORMAÇÃO";"INTERNO";"EDUCAÇÃO";"Ciências Sociais Aplicadas";"0";"50000";"0";
"CARTILHA DE EMPREENDEDORISMO E PLANO DE NEGÓCIOS";"";"1";"CONCLUÍDA";"PRODUTO";"CARTILHA";"2012";"2012-01-01";"2012-05-31";"DEPARTAMENTO DE CIÊNCIAS CONTÁBEIS";"INTERNO";"EDUCAÇÃO";"Ciências Sociais Aplicadas";"1";"100";"0";
"CARTILHA DE PARKINSON";"PARKINSON: NO RITMO DA REABILITAÇÃO";"100";"CONCLUÍDA";"PRODUTO";"CARTILHA";"2014";"2014-09-15";"2014-10-11";"HOSPITAL UNIVERSITÁRIO ONOFRE LOPES";"INTERNO";"SAÚDE";"Ciências da Saúde";"4";"50";"0";
"CARTILHA DO CURSO DE PRÁTICAS CONTÁBEIS VOLTADAS PARA ASSOCIAÇÕES E COOPERATIVAS";"";"0";"CONCLUÍDA";"PRODUTO";"CARTILHA";"2011";"2011-05-01";"2011-07-31";"DEPARTAMENTO DE CIÊNCIAS CONTÁBEIS";"INTERNO";"TECNOLOGIA E PRODUÇÃO";"Ciências Sociais Aplicadas";"3";"100";"0";
"Cartilha do MINI-CURSO PROJETO DE PESQUISA EM CONTABILIDADE: FOCO NO TCC  3ª edição";"PROJETO DE PESQUISA EM CONTABILIDADE: foco no TCC - 3ª edição";"10";"CONCLUÍDA";"PRODUTO";"CARTILHA";"2016";"2016-08-06";"2016-08-11";"DEPARTAMENTO DE CIÊNCIAS CONTÁBEIS";"INTERNO";"EDUCAÇÃO";"Ciências Sociais Aplicadas";"0";"100";"0";
"Cartilhas em educação ambiental";"";"1500";"CONCLUÍDA";"PRODUTO";"CARTILHA";"2008";"2008-04-07";"2008-08-07";"DEPARTAMENTO DE MICROBIOLOGIA E PARASITOLOGIA";"INTERNO";"MEIO AMBIENTE";"Ciências Biológicas";"0";"1000";"0";
"CATÁLOGO DO GRUPO UNIVERSITÁRIO DE AQUARELA E PASTEL COMEMORATIVO DOS 50 ANOS DA UFRN";"";"600";"CONCLUÍDA";"PRODUTO";"OUTROS";"2008";"2008-03-26";"2008-07-26";"DEPARTAMENTO DE ARTES";"INTERNO";"CULTURA";"Lingüística, Letras e Artes";"3";"600";"0";
"Cd da Orquestra de Violões da UFRN";"";"300";"CONCLUÍDA";"PRODUTO";"PRODUTO AUDIOVISUAL - CD";"2011";"2011-03-13";"2011-12-31";"ESCOLA DE MÚSICA";"INTERNO";"CULTURA";"Lingüística, Letras e Artes";"15";"300";"0";
"CD PRÍNCIPE PLEBEU - OTHONIEL MENEZES, POEMAS E CANÇÕES
";"";"1000";"CONCLUÍDA";"PRODUTO";"PRODUTO AUDIOVISUAL - CD";"2010";"2010-03-03";"2010-09-03";"ESCOLA DE MÚSICA";"INTERNO";"CULTURA";"Lingüística, Letras e Artes";"1";"1000";"0";
"CICLO DE VIDA DO GOL VW: UMA ANÁLISE DAS UNIDADES VENDIDAS NO MERCADO BRASILEIRO ENTRE OS ANOS 1987 E 2010";"";"0";"CONCLUÍDA";"PRODUTO";"ARTIGO";"2010";"2010-01-01";"2010-06-30";"DEPARTAMENTO DE CIÊNCIAS CONTÁBEIS";"INTERNO";"EDUCAÇÃO";"Ciências Sociais Aplicadas";"0";"100";"0";
"Ciência no Futebol";"";"0";"CONCLUÍDA";"PRODUTO";"PROGRAMA DE TV";"2009";"2009-01-12";"2009-12-14";"DEPARTAMENTO DE EDUCAÇÃO FÍSICA";"INTERNO";"COMUNICAÇÃO";"Ciências da Saúde";"2";"800";"1";
"Ciência no Futebol.";"";"0";"CONCLUÍDA";"PRODUTO";"PROGRAMA DE TV";"2008";"2008-05-01";"2008-12-18";"DEPARTAMENTO DE EDUCAÇÃO FÍSICA";"INTERNO";"COMUNICAÇÃO";"Ciências da Saúde";"3";"1000";"0";
"Cinéclub Lumière: Luz, câmera, ação!";"Projeto de Extensão Cinéclub Lumière";"1";"EM EXECUÇÃO";"PRODUTO";"PRODUTO AUDIOVISUAL - VÍDEO";"2017";"2017-09-01";"2017-12-31";"DEPARTAMENTO DE LINGUAS E LITERATURAS ESTRANGEIRAS MODERNAS";"INTERNO";"CULTURA";"Lingüística, Letras e Artes";"0";"30";"2";
"Cinesioterapia neurológica moderna esquematizada";"";"500";"CONCLUÍDA";"PRODUTO";"LIVRO";"2015";"2015-11-30";"2016-04-15";"HOSPITAL UNIVERSITÁRIO ONOFRE LOPES";"INTERNO";"SAÚDE";"Ciências da Saúde";"0";"150";"0";
"Clip Ciência - ano X";"";"34";"CONCLUÍDA";"PRODUTO";"PROGRAMA DE TV";"2009";"2009-04-01";"2009-12-31";"DEPARTAMENTO DE FISIOLOGIA";"INTERNO";"COMUNICAÇÃO";"Outra";"2";"10000";"0";
"Clip Ciência - ano XI";"";"25";"CONCLUÍDA";"PRODUTO";"PROGRAMA DE TV";"2010";"2010-03-01";"2010-12-31";"DEPARTAMENTO DE FISIOLOGIA";"INTERNO";"COMUNICAÇÃO";"Outra";"2";"10000";"0";
"CLUBE DA MELHOR IDADE DE PONTA NEGRA";"PROJETO ARQUITETURA E HABITAÇÃO";"1";"CONCLUÍDA";"PRODUTO";"OUTROS";"2013";"2013-04-22";"2013-04-30";"DEPARTAMENTO DE ARQUITETURA";"INTERNO";"TECNOLOGIA E PRODUÇÃO";"Ciências Sociais Aplicadas";"2";"10";"0";
"Conceitos básicos de Demografia";"Disciplinas ministradas de Demografia";"1000";"EM EXECUÇÃO";"PRODUTO";"LIVRO";"2017";"2017-04-25";"2017-12-31";"DEPARTAMENTO DE DEMOGRAFIA E CIENCIAS ATUARIAIS";"INTERNO";"EDUCAÇÃO";"Ciências Sociais Aplicadas";"0";"500";"0";
"Concurso de cartaz para a XIV  Semana da Ciência, Tecnologia e Cultura da UFRN - CIENTECCIENTEC";"";"1000";"CONCLUÍDA";"PRODUTO";"OUTROS";"2008";"2008-04-22";"2008-06-02";"NÚCLEO DE ARTE E CULTURA";"INTERNO";"COMUNICAÇÃO";"Lingüística, Letras e Artes";"1";"5000";"0";
"Concurso de Expressões Culturais - UFRN - 2013: cordéis para pendurar na memória";"CIENTEC";"1000";"CONCLUÍDA";"PRODUTO";"OUTROS";"2013";"2013-09-04";"2013-10-25";"PRÓ-REITORIA DE EXTENSÃO UNIVERSITÁRIA";"INTERNO";"CULTURA";"Ciências Humanas";"0";"100";"0";
"Confecção de Diagnóstico dos Acervos Documentais da PROEX/UFRN, do CRUTAC/UFRN e do NAC/UFRN";"";"3";"CONCLUÍDA";"PRODUTO";"RELATÓRIO TÉCNICO";"2008";"2008-11-01";"2008-12-31";"DEPARTAMENTO DE HISTÓRIA";"INTERNO";"EDUCAÇÃO";"Ciências Humanas";"6";"30000";"0";
"CONFECÇÃO DE MATERIAL EM LIBRAS";"";"20";"CONCLUÍDA";"PRODUTO";"LIVRO";"2014";"2014-04-01";"2014-08-06";"DEPARTAMENTO DE EDUCAÇÃO - CERES";"INTERNO";"COMUNICAÇÃO";"Lingüística, Letras e Artes";"0";"6";"0";
"Confecção do Diagnóstico do acervo documental do 7° Batalhão de Engenharia de Combate";"";"1";"CONCLUÍDA";"PRODUTO";"RELATÓRIO TÉCNICO";"2008";"2008-10-01";"2008-12-31";"DEPARTAMENTO DE HISTÓRIA";"INTERNO";"EDUCAÇÃO";"Ciências Humanas";"2";"30000";"0";
"Conhecendo a Unidade de Terapia Intensiva (HUOL)";"";"30";"CONCLUÍDA";"PRODUTO";"OUTROS";"2010";"2010-05-03";"2010-06-28";"HOSPITAL UNIVERSITÁRIO ONOFRE LOPES";"INTERNO";"SAÚDE";"Ciências da Saúde";"1";"30";"0";
"CONSOLIDAÇÃO DAS CONTAS PÚBLICAS: ANÁLISE DO CUMPRIMENTO DO ART. 51 DA LRF PELOS MUNICÍPIOS DO ESTADO DO RIO GRANDE DO NORTE. 2000  2008.";"";"50";"CONCLUÍDA";"PRODUTO";"ARTIGO";"2010";"2010-08-14";"2010-09-30";"DEPARTAMENTO DE CIÊNCIAS CONTÁBEIS";"INTERNO";"EDUCAÇÃO";"Ciências Sociais Aplicadas";"0";"200";"0";
"Contando contos e ouvindo histórias";"";"20";"CONCLUÍDA";"PRODUTO";"LIVRO";"2013";"2013-11-18";"2013-12-13";"NÚCLEO DE EDUCAÇÃO DA INFÂNCIA";"INTERNO";"EDUCAÇÃO";"Lingüística, Letras e Artes";"0";"34";"0";
"CONTROLADORIA PRIVADA E GOVERNAMENTAL: UMA ANÁLISE COMPARATIVA";"";"5";"CONCLUÍDA";"PRODUTO";"ARTIGO";"2010";"2010-05-25";"2010-07-31";"DEPARTAMENTO DE CIÊNCIAS CONTÁBEIS";"INTERNO";"COMUNICAÇÃO";"Ciências Sociais Aplicadas";"1";"100";"0";
"Conversando Sobre Higiene Bucal com Crianças da Comunidade Rural de Trangola em Currais Novos, RN";"PJ018 2016 Meu corpo fala, mas será que eu entendo?";"1";"EM EXECUÇÃO";"PRODUTO";"PRODUTO AUDIOVISUAL - VÍDEO";"2017";"2017-09-01";"2017-12-31";"DEPARTAMENTO DE FISIOLOGIA";"INTERNO";"SAÚDE";"Ciências da Saúde";"10";"13";"1";
"Cordel das linhas do cuidado";"Produto gerado a partir das atividades da disciplina "Programa de Orientação Tutorial Integrado (POTI)" da UFRN e como parte integrante do PET Saúde";"1";"CONCLUÍDA";"PRODUTO";"PRODUTO ARTÍSTICO";"2016";"2016-11-28";"2016-12-06";"DEPARTAMENTO DE SAÚDE COLETIVA";"INTERNO";"SAÚDE";"Ciências da Saúde";"9";"50";"0";
"Cordel da Zika e meio ambiente";"Produto gerado a partir das atividades da disciplina "Programa de Orientação Tutorial Integrado (POTI)" da UFRN e como parte integrante do PET Saúde";"1";"CONCLUÍDA";"PRODUTO";"PRODUTO ARTÍSTICO";"2016";"2016-09-06";"2016-10-06";"DEPARTAMENTO DE SAÚDE COLETIVA";"INTERNO";"SAÚDE";"Ciências da Saúde";"10";"60";"0";
"Criação de Site";"Programa de Extensão Pró-Inclusão: Direitos Sociais e Educacionais de Pessoas com Deficiência";"1";"CONCLUÍDA";"PRODUTO";"OUTROS";"2012";"2012-03-01";"2012-07-01";"DEPARTAMENTO DE EDUCAÇÃO - CERES";"INTERNO";"EDUCAÇÃO";"Ciências Humanas";"3";"300";"1";
"Criação do site do I Colóquio História Cultural e Sensibilidades";"";"1";"CONCLUÍDA";"PRODUTO";"APLICATIVO PARA COMPUTADOR";"2011";"2011-10-03";"2011-10-31";"CERES - DEPARTAMENTO DE HISTÓRIA";"INTERNO";"TECNOLOGIA E PRODUÇÃO";"Ciências Exatas e da Terra";"1";"500";"0";
"Criação do site do V Encontro Estadual de História - ANPUH/RN";"";"1";"CONCLUÍDA";"PRODUTO";"APLICATIVO PARA COMPUTADOR";"2012";"2012-03-22";"2012-03-31";"CERES - DEPARTAMENTO DE HISTÓRIA";"INTERNO";"TECNOLOGIA E PRODUÇÃO";"Ciências Exatas e da Terra";"1";"1000";"0";
"CRIAÇÃO DO SITE: WWW.ASCD.COM.BR";"";"1";"CONCLUÍDA";"PRODUTO";"OUTROS";"2012";"2012-08-27";"2013-08-30";"DEPARTAMENTO DE LETRAS";"INTERNO";"EDUCAÇÃO";"Lingüística, Letras e Artes";"10";"500";"0";
"Criando fábula, produzindo vídeo: animação em Stop Motion";"";"20";"CONCLUÍDA";"PRODUTO";"PRODUTO AUDIOVISUAL - VÍDEO";"2014";"2014-11-17";"2014-12-05";"NÚCLEO DE EDUCAÇÃO DA INFÂNCIA";"INTERNO";"EDUCAÇÃO";"Ciências Humanas";"1";"100";"0";
"DA RETÓRICA Á EFETIVA INFLUÊNCIA DA ESCOLA EUROPÉIA NO CONTEXTO HISTÓRICO DA CONTABILIDADE E DA ECONÔMIA MUNDIAL";"";"1";"CONCLUÍDA";"PRODUTO";"ARTIGO";"2010";"2010-07-01";"2011-12-31";"DEPARTAMENTO DE CIÊNCIAS CONTÁBEIS";"INTERNO";"EDUCAÇÃO";"Ciências Sociais Aplicadas";"0";"500";"0";
"Da Serra ao Seridó: vivências em um Brasil de contrastes";"";"1000";"CONCLUÍDA";"PRODUTO";"PRODUTO AUDIOVISUAL - FILME";"2015";"2015-03-18";"2015-08-12";"CERES - DEPARTAMENTO DE HISTÓRIA";"INTERNO";"CULTURA";"Lingüística, Letras e Artes";"1";"1500";"0";
"Décima quarta edição da revista FIDES";"";"1";"CONCLUÍDA";"PRODUTO";"REVISTA";"2016";"2016-07-08";"2016-12-31";"DEPARTAMENTO DE DIREITO PROCESSUAL E PROPEDÊUTICA - DEPRO";"INTERNO";"DIREITOS HUMANOS E JUSTIÇA";"Ciências Sociais Aplicadas";"11";"120";"0";
"Décima quinta edição da revista Fides";"Revista";"1";"CONCLUÍDA";"PRODUTO";"REVISTA";"2017";"2017-02-13";"2017-06-30";"DEPARTAMENTO DE DIREITO PRIVADO";"INTERNO";"DIREITOS HUMANOS E JUSTIÇA";"Ciências Sociais Aplicadas";"11";"120";"0";
"Décima Segunda Edição da Revista Fides";"";"1";"CONCLUÍDA";"PRODUTO";"REVISTA";"2015";"2015-01-01";"2015-12-31";"DEPARTAMENTO DE DIREITO PROCESSUAL E PROPEDÊUTICA - DEPRO";"INTERNO";"DIREITOS HUMANOS E JUSTIÇA";"Ciências Sociais Aplicadas";"9";"100";"0";
"Décima sexta edição da revista Fides";"Revista";"1";"EM EXECUÇÃO";"PRODUTO";"REVISTA";"2017";"2017-08-15";"2017-12-31";"DEPARTAMENTO DE DIREITO PRIVADO";"INTERNO";"DIREITOS HUMANOS E JUSTIÇA";"Ciências Sociais Aplicadas";"10";"120";"0";
"Décima Terceira Edição da Revista FIDES";"";"1";"CONCLUÍDA";"PRODUTO";"REVISTA";"2016";"2016-02-29";"2016-12-31";"DEPARTAMENTO DE DIREITO PROCESSUAL E PROPEDÊUTICA - DEPRO";"INTERNO";"DIREITOS HUMANOS E JUSTIÇA";"Ciências Sociais Aplicadas";"23";"150";"0";
"Deficiência visual: características e limites.";"";"1";"CONCLUÍDA";"PRODUTO";"PRODUTO AUDIOVISUAL - VÍDEO";"2016";"2016-12-21";"2016-12-29";"DEPARTAMENTO DE FISIOTERAPIA";"INTERNO";"SAÚDE";"Ciências da Saúde";"3";"17";"0";
"DEMONSTRAÇÕES CONTÁBEIS PÚBLICAS: Indicadores de Desempenho e Análise.";"";"1000";"CONCLUÍDA";"PRODUTO";"LIVRO";"2012";"2012-02-27";"2012-03-02";"DEPARTAMENTO DE CIÊNCIAS CONTÁBEIS";"INTERNO";"EDUCAÇÃO";"Ciências Sociais Aplicadas";"0";"100";"0";
"Depreciação no Setor Público: análises de procedimentos em uma Unidade Gestora.";"";"100";"CONCLUÍDA";"PRODUTO";"ARTIGO";"2011";"2011-03-01";"2011-03-31";"DEPARTAMENTO DE CIÊNCIAS CONTÁBEIS";"INTERNO";"COMUNICAÇÃO";"Ciências Sociais Aplicadas";"1";"100";"0";
"Desenvolvendo as Práticas Atuariais em Pensões";"Desenvolvimento de notas de aula para a disciplina Práticas Atuariais em Pensões";"11";"CONCLUÍDA";"PRODUTO";"CARTILHA";"2015";"2015-03-25";"2015-06-22";"DEPARTAMENTO DE DEMOGRAFIA E CIENCIAS ATUARIAIS";"INTERNO";"EDUCAÇÃO";"Ciências Exatas e da Terra";"0";"160";"0";
"Desenvolvendo o gerenciamento atuarial";"Elaboração de notas de aula da disciplina Gerenciamento Atuarial";"7";"CONCLUÍDA";"PRODUTO";"CARTILHA";"2015";"2015-03-25";"2015-06-20";"DEPARTAMENTO DE DEMOGRAFIA E CIENCIAS ATUARIAIS";"INTERNO";"EDUCAÇÃO";"Ciências Exatas e da Terra";"0";"160";"0";
"Desenvolvimento da Plataforma Virtual de Aprendizagem para INEP 2014";"Ambiente Virtual de Aprendizagem - AVA INEP / ENEM 2014";"1";"CONCLUÍDA";"PRODUTO";"APLICATIVO PARA COMPUTADOR";"2014";"2014-05-01";"2014-08-31";"DEPARTAMENTO DE ENGENHARIA BIOMEDICA";"INTERNO";"TECNOLOGIA E PRODUÇÃO";"Engenharias";"3";"5";"0";
"Desenvolvimento do Ambiente Virtual de Aprendizagem da Escola de Você";"Ambiente Virtual de Aprendizagem da Escola de Você - AVA Escola de Você";"1";"CONCLUÍDA";"PRODUTO";"APLICATIVO PARA COMPUTADOR";"2014";"2014-06-02";"2014-12-30";"DEPARTAMENTO DE ENGENHARIA BIOMEDICA";"INTERNO";"TECNOLOGIA E PRODUÇÃO";"Engenharias";"2";"5";"0";
"Desenvolvimento do Ambiente Virtual de Aprendizagem do Brasil Voluntário da Copa do Mundo de 2014";"Ambiente Virtual de Aprendizagem do Brasil Voluntário da Copa do Mundo de 2014";"1";"CONCLUÍDA";"PRODUTO";"APLICATIVO PARA COMPUTADOR";"2013";"2013-06-03";"2014-03-31";"DEPARTAMENTO DE ENGENHARIA BIOMEDICA";"INTERNO";"TECNOLOGIA E PRODUÇÃO";"Engenharias";"1";"5";"0";
"Desenvolvimento e Produção de vídeos das aulas práticas para a disciplina de Bromatologia";"";"15";"CONCLUÍDA";"PRODUTO";"PRODUTO AUDIOVISUAL - VÍDEO";"2016";"2016-02-01";"2016-12-31";"DEPARTAMENTO DE FARMACIA";"INTERNO";"SAÚDE";"Ciências da Saúde";"4";"100";"0";
"DETECÇÃO DE OUTLIERS NO DESEMPENHO ECONÔMICO-FINANCEIRO DO SPORT CLUB CORINTHIANS PAULISTA NO PERÍODO 2008 A 2010";"";"0";"CONCLUÍDA";"PRODUTO";"ARTIGO";"2011";"2011-07-01";"2011-12-31";"DEPARTAMENTO DE CIÊNCIAS CONTÁBEIS";"INTERNO";"TECNOLOGIA E PRODUÇÃO";"Ciências Sociais Aplicadas";"2";"100";"0";
"Diário de Bordo: a vida de um estudante em intercâmbio";"";"1000";"CONCLUÍDA";"PRODUTO";"OUTROS";"2014";"2014-09-11";"2015-02-28";"DEPARTAMENTO DE EDUCAÇÃO - CERES";"INTERNO";"EDUCAÇÃO";"Ciências Humanas";"1";"350";"0";
"Digitalização do acervo do Jornal Tribuna do Norte - 1987 a 2006";"";"10";"CONCLUÍDA";"PRODUTO";"PRODUTO AUDIOVISUAL - OUTROS";"2011";"2011-03-02";"2013-03-08";"DEPARTAMENTO DE HISTÓRIA";"INTERNO";"CULTURA";"Ciências Humanas";"3";"150";"0";
"Disponibilização em mídia eletrônica do fundo Sesmarias do Rio Grande do Norte do acervo do Instituto Histórico e Geográfico";"";"1";"CONCLUÍDA";"PRODUTO";"APLICATIVO PARA COMPUTADOR";"2009";"2009-04-01";"2010-03-31";"DEPARTAMENTO DE HISTÓRIA";"INTERNO";"CULTURA";"Ciências Humanas";"3";"300";"1";
"DivertidaMENTE: desestigmatizando a loucura em busca da saúde mental";"";"3";"CONCLUÍDA";"PRODUTO";"OUTROS";"2016";"2016-08-10";"2016-10-10";"ESCOLA DE SAÚDE";"INTERNO";"SAÚDE";"Ciências da Saúde";"0";"4";"0";
"Documentação Pedagógica";"";"100";"CONCLUÍDA";"PRODUTO";"PRODUTO AUDIOVISUAL - DVD";"2009";"2009-04-20";"2009-11-30";"NÚCLEO DE EDUCAÇÃO DA INFÂNCIA";"INTERNO";"EDUCAÇÃO";"Ciências Sociais Aplicadas";"0";"200";"0";
"DOCUMENTAÇÃO PEDAGÓGICA";"";"100";"CONCLUÍDA";"PRODUTO";"PRODUTO AUDIOVISUAL - DVD";"2010";"2010-04-12";"2010-11-30";"NÚCLEO DE EDUCAÇÃO DA INFÂNCIA";"INTERNO";"EDUCAÇÃO";"Ciências Humanas";"0";"100";"0";
"Documento técnico contendo material pedagógico e técnico do curso sobre Avaliação, Gerenciamento e Comunicação dos Riscos em Serviços de Saúde";"Produção de curso a distância em Inspeção de Boas Práticas em Avaliação, Gerenciamento e Comunicação de Riscos em Serviços de Saúde";"150";"CONCLUÍDA";"PRODUTO";"LIVRO";"2013";"2013-05-15";"2013-11-15";"DEPARTAMENTO DE SAÚDE COLETIVA";"INTERNO";"SAÚDE";"Ciências da Saúde";"0";"8";"0";
"DVD/SIG Mato Grande - Banco de Dados Espaciais dos Projetos de Extensão da UFRN na Região do Mato Grande, Rio Grande do Norte, Nordeste, Brasil
";"";"50";"CONCLUÍDA";"PRODUTO";"COMUNICAÇÃO";"2010";"2010-04-16";"2010-10-16";"CERES - DEPARTAMENTO DE GEOGRAFIA";"INTERNO";"TECNOLOGIA E PRODUÇÃO";"Ciências Exatas e da Terra";"1";"1000";"0";
"DVD Xeque-Mate";"";"500";"CONCLUÍDA";"PRODUTO";"PRODUTO AUDIOVISUAL - DVD";"2009";"2009-03-30";"2009-09-21";"DEPARTAMENTO DE COMUNICAÇÃO SOCIAL";"INTERNO";"COMUNICAÇÃO";"Ciências Sociais Aplicadas";"200";"2000";"0";
"Edição de lançamento da Revista de Filosofia do Direito, do Estado e da Sociedade";"";"1000";"CONCLUÍDA";"PRODUTO";"REVISTA";"2010";"2010-02-01";"2010-06-30";"DEPARTAMENTO DE DIREITO PUBLICO";"INTERNO";"DIREITOS HUMANOS E JUSTIÇA";"Ciências Sociais Aplicadas";"17";"2000";"0";
"EDUCAÇÃO FISCAL, TERCEIRO SETOR E FUNÇÕES DE GOVERNO: Uma análise da influência do Programa de Educação Fiscal do RN (PEF/RN) nos indicadores das funções de governo dos municípios do RN.";"";"1";"CONCLUÍDA";"PRODUTO";"ARTIGO";"2010";"2010-07-01";"2010-12-31";"DEPARTAMENTO DE CIÊNCIAS CONTÁBEIS";"INTERNO";"EDUCAÇÃO";"Ciências Sociais Aplicadas";"0";"500";"0";
"EDUCAÇÃO INCLUSIVA: POLÍTICAS PÚBLICAS EXISTENTES NO BRASIL PARA PESSOAS PORTADORAS DE DEFICIÊNCIA";"";"2";"CONCLUÍDA";"PRODUTO";"ARTIGO";"2016";"2016-10-02";"2016-12-02";"DEPARTAMENTO DE CIÊNCIAS ADMINISTRATIVAS";"INTERNO";"TECNOLOGIA E PRODUÇÃO";"Ciências Sociais Aplicadas";"1";"13";"0";
"Elaboração de apresentação digital do Diagnóstico Ambiental e Plano de Manejo da ZPA 1 - Natal ";"";"2";"CONCLUÍDA";"PRODUTO";"APLICATIVO PARA COMPUTADOR";"2008";"2008-11-03";"2009-01-30";"DEPARTAMENTO DE GEOGRAFIA/CCHLA";"INTERNO";"MEIO AMBIENTE";"Ciências Exatas e da Terra";"2";"80000";"0";
"Esquetes Teatrais ";"";"2";"CONCLUÍDA";"PRODUTO";"PRODUTO ARTÍSTICO";"2009";"2009-04-20";"2011-07-15";"DEPARTAMENTO DE PSICOLOGIA";"INTERNO";"SAÚDE";"Ciências Humanas";"1";"500";"0";
"Esses moços - a voz da terceira idade nas ondas do rádio";"";"20";"EM EXECUÇÃO";"PRODUTO";"PROGRAMA DE RÁDIO";"2017";"2017-07-28";"2017-12-31";"SUPERINTENDENCIA DE COMUNICACAO";"INTERNO";"COMUNICAÇÃO";"Ciências Sociais Aplicadas";"0";"3000";"0";
"ESTRUTURA PARA COBERTURA DE PASSEIOS E ESTACIONAMENTO";"PJ267-2012 PROJETO CENTRO DE TECNOLOGIA";"1";"CONCLUÍDA";"PRODUTO";"OUTROS";"2012";"2012-09-01";"2012-12-07";"DEPARTAMENTO DE ARQUITETURA";"INTERNO";"TECNOLOGIA E PRODUÇÃO";"Ciências Sociais Aplicadas";"1";"20000";"0";
"Estudo sobre premissas atuariais previdenciárias";"Livro fruto da tese de doutorado";"1000";"EM EXECUÇÃO";"PRODUTO";"LIVRO";"2017";"2017-04-25";"2017-10-31";"DEPARTAMENTO DE DEMOGRAFIA E CIENCIAS ATUARIAIS";"INTERNO";"TRABALHO";"Ciências Sociais Aplicadas";"0";"200";"0";
"EVIDENCIAÇÃO DE TÍTULOS HÍBRIDOS SOB A ÓTICA DAS NORMAS INTERNACIONAIS, U.S. GAAP E BR GAAP";"";"0";"CONCLUÍDA";"PRODUTO";"ARTIGO";"2011";"2011-01-01";"2011-06-30";"DEPARTAMENTO DE CIÊNCIAS CONTÁBEIS";"INTERNO";"EDUCAÇÃO";"Ciências Sociais Aplicadas";"1";"100";"0";
"Falares Quilombolas: Corpus Etno-Linguístico de Comunidades Quilombolas do RN";"";"1";"CONCLUÍDA";"PRODUTO";"OUTROS";"2016";"2016-03-14";"2016-12-16";"DEPARTAMENTO DE ANTROPOLOGIA";"INTERNO";"CULTURA";"Ciências Humanas";"2";"4";"0";
"FERRAMENTA GERENCIAL SIAPE SAÚDE APLICADA A UNIDADE SIASS DO MINISTÉRIO DA SAÚDE EM NATAL/RN.";"Análise de ferramentas e práticas de inovação na gestão pública";"2";"CONCLUÍDA";"PRODUTO";"ARTIGO";"2016";"2016-09-19";"2016-10-29";"DEPARTAMENTO DE CIÊNCIAS ADMINISTRATIVAS";"INTERNO";"TECNOLOGIA E PRODUÇÃO";"Ciências Sociais Aplicadas";"5";"20";"0";
"Ferro: mecanismos de absorção e regulação";"";"1";"CONCLUÍDA";"PRODUTO";"PRODUTO ARTÍSTICO";"2012";"2012-09-03";"2012-09-28";"DEPARTAMENTO DE PATOLOGIA";"INTERNO";"SAÚDE";"Ciências da Saúde";"0";"50";"0";
"Fratura de Clavícula & Displasia de Desenvolvimento de Quadril";"PROJETOS DE INTERVENÇÃO DO INTERNATO EM PEDIATRIA I";"20";"CONCLUÍDA";"PRODUTO";"COMUNICAÇÃO";"2015";"2015-03-16";"2015-04-26";"DEPARTAMENTO DE PEDIATRIA";"INTERNO";"SAÚDE";"Ciências da Saúde";"7";"30";"0";
"Gastos com Educação: análise da aplicação de recursos pelos municípios do Estado do Rio Grande do Norte. 2006 - 2009.";"";"100";"CONCLUÍDA";"PRODUTO";"ARTIGO";"2011";"2011-03-01";"2011-03-31";"DEPARTAMENTO DE CIÊNCIAS CONTÁBEIS";"INTERNO";"COMUNICAÇÃO";"Ciências Sociais Aplicadas";"1";"100";"0";
"Gastos com saúde: uma análise do cumprimento da Emenda Constitucional nº 29/2000 pelos 100 municípios brasileiros mais populosos, no período de 2000 a 2008.";"";"100";"CONCLUÍDA";"PRODUTO";"ARTIGO";"2011";"2011-02-01";"2011-02-28";"DEPARTAMENTO DE CIÊNCIAS CONTÁBEIS";"INTERNO";"COMUNICAÇÃO";"Ciências Sociais Aplicadas";"1";"100";"0";
"GEOPARQUE SERIDÓ: divulgação da geodiversidade em formato de vídeo educativo";"EDITAL UFRN/PROEX Nº 008/2017";"2";"EM EXECUÇÃO";"PRODUTO";"PRODUTO AUDIOVISUAL - VÍDEO";"2017";"2017-09-01";"2017-12-31";"DEPARTAMENTO DE GEOLOGIA";"INTERNO";"MEIO AMBIENTE";"Ciências Exatas e da Terra";"4";"150";"1";
"Gestação e cuidados: prevenção das microcefalias e DSTs";"Ensino de graduação saúde e cidadania";"1";"CONCLUÍDA";"PRODUTO";"PRODUTO AUDIOVISUAL - VÍDEO";"2016";"2016-06-14";"2016-06-25";"DEPARTAMENTO DE FISIOTERAPIA";"INTERNO";"SAÚDE";"Ciências da Saúde";"9";"30";"0";
"Gira Dança:  a inclusão pela arte de dançar";"";"1";"CONCLUÍDA";"PRODUTO";"PRODUTO AUDIOVISUAL - FILME";"2015";"2015-11-26";"2015-12-24";"DEPARTAMENTO DE FISIOTERAPIA";"INTERNO";"CULTURA";"Ciências da Saúde";"6";"30";"0";
"GOVERNANÇA DEMOCRÁTICA EM ESCOLAS PÚBLICAS VERSUS O CLIMA ORGANIZACIONAL";"Planejamento Estratégico Situacional na Administração Pública: enfoque em escolas pública, 3° edição.";"2";"CONCLUÍDA";"PRODUTO";"ARTIGO";"2016";"2016-10-02";"2016-12-02";"DEPARTAMENTO DE CIÊNCIAS ADMINISTRATIVAS";"INTERNO";"TECNOLOGIA E PRODUÇÃO";"Ciências Sociais Aplicadas";"1";"13";"0";
"GRUPO ESPERANÇA VIVA - ENXERGANDO ATRAVÉS DA MÚSICA (VÍDEO)";"Produção de vídeo";"1";"CONCLUÍDA";"PRODUTO";"PRODUTO AUDIOVISUAL - VÍDEO";"2015";"2015-12-03";"2015-12-03";"DEPARTAMENTO DE FISIOTERAPIA";"INTERNO";"CULTURA";"Ciências da Saúde";"6";"30";"0";
"GUIA DE PREVENÇÃO E AUTO CUIDADOS EM LESÕES DO ESPORTE";"produto gerado a partir de necessidade presente na prática clínica";"1";"CONCLUÍDA";"PRODUTO";"MANUAL";"2016";"2016-03-18";"2016-03-24";"DEPARTAMENTO DE FISIOTERAPIA";"INTERNO";"SAÚDE";"Ciências da Saúde";"0";"50";"0";
"Guia ilustrado de cinesioterapia neurológica";"";"1000";"CONCLUÍDA";"PRODUTO";"LIVRO";"2009";"2009-08-03";"2010-01-15";"HOSPITAL UNIVERSITÁRIO ONOFRE LOPES";"INTERNO";"SAÚDE";"Ciências da Saúde";"0";"1000";"0";
"GUIA PRÁTICO DE ACESSO VASCULAR PARA HEMODIÁLISE";"";"15";"CONCLUÍDA";"PRODUTO";"MANUAL";"2011";"2011-04-25";"2011-10-31";"DEPARTAMENTO DE MEDICINA INTEGRADA";"INTERNO";"SAÚDE";"Ciências da Saúde";"0";"25";"0";
"Habitat e Cidadania no Campo: As experiências do Grupo de Estudos em Reforma Agrária e Habitat nos assentamentos rurais coordenados pelo MST no RN";"";"10";"CONCLUÍDA";"PRODUTO";"PRODUTO AUDIOVISUAL - VÍDEO";"2008";"2008-04-08";"2008-08-08";"DEPARTAMENTO DE ARQUITETURA";"INTERNO";"TECNOLOGIA E PRODUÇÃO";"Ciências Sociais Aplicadas";"6";"1000";"0";
"Habitat e Cidadania no Campo: As experiências do Grupo de Estudos em Reforma
Agrária e Habitat nos assentamentos rurais coordenados pelo MST no RN";"";"20";"CONCLUÍDA";"PRODUTO";"PRODUTO AUDIOVISUAL - FILME";"2009";"2009-04-06";"2010-04-05";"DEPARTAMENTO DE ARQUITETURA";"INTERNO";"COMUNICAÇÃO";"Ciências Sociais Aplicadas";"6";"1000";"1";
"HÁBITOS SAUDÁVEIS: ATIVIDADE FÍSICA E ALIMENTAÇÃO EQUILIBRADA: Dicas para uma vida mais longa e com mais qualidade, Para adolescentes e crianças";"Promoção da Saude para Crianças com Sobrepeso e Obesidade";"500";"CONCLUÍDA";"PRODUTO";"MANUAL";"2012";"2012-05-01";"2012-10-27";"DEPARTAMENTO DE EDUCAÇÃO FÍSICA";"INTERNO";"SAÚDE";"Ciências da Saúde";"3";"200";"0";
"HERITAGE ASSETS: Tangíveis ou Intangíveis?";"";"1";"CONCLUÍDA";"PRODUTO";"ARTIGO";"2010";"2010-08-01";"2010-12-31";"DEPARTAMENTO DE CIÊNCIAS CONTÁBEIS";"INTERNO";"EDUCAÇÃO";"Ciências Sociais Aplicadas";"0";"500";"0";
"Historia, Memória e Política: das lutas armadas ao parlamento brasileiro";"";"500";"CONCLUÍDA";"PRODUTO";"LIVRO";"2008";"2008-03-26";"2008-07-26";"DEPARTAMENTO DE HISTÓRIA";"INTERNO";"CULTURA";"Ciências Humanas";"0";"50";"0";
"HISTÓRIA ORAL DE VIDA DOS FILHOS SEPARADOS NO RIO GRANDE DO NORTE: VIVÊNCIAS A COMPARTILHAR
";"Ciclo de Debates e Estudos Sobre Hanseníase: Aproximação de um Programa de Pós-graduação com a Comunidade de Ex-portadores de Hanseníase, Filhos Separados Pela Hanseníase, Profissionais de Saúde e G";"100";"CONCLUÍDA";"PRODUTO";"COMUNICAÇÃO";"2013";"2013-02-25";"2013-02-27";"DEPARTAMENTO DE ENFERMAGEM";"INTERNO";"SAÚDE";"Ciências da Saúde";"9";"100";"0";
"IDOSO INFORMADO, IDOSO BEM CUIDADO: Conselhos para preservar a saúde";"Projeto de Extensão Ateliê do Sorriso";"500";"CONCLUÍDA";"PRODUTO";"CARTILHA";"2013";"2013-03-25";"2013-04-29";"DEPARTAMENTO DE ODONTOLOGIA";"INTERNO";"EDUCAÇÃO";"Ciências da Saúde";"0";"20";"0";
"II Edição da Revista de Filosofia do Direito, do Estado e da Sociedade ";"";"3000";"CONCLUÍDA";"PRODUTO";"REVISTA";"2010";"2010-08-01";"2010-12-31";"DEPARTAMENTO DE DIREITO PUBLICO";"INTERNO";"DIREITOS HUMANOS E JUSTIÇA";"Ciências Sociais Aplicadas";"16";"2000";"0";
"III CIPA 
Congresso Internacional sobre Pesquisa (auto)Biográfica. (auto)Biografia: formação, territórios e saberes";"";"0";"CONCLUÍDA";"PRODUTO";"OUTROS";"2008";"2008-04-06";"2008-08-06";"DEPARTAMENTO DE EDUCAÇÃO";"INTERNO";"EDUCAÇÃO";"Ciências Sociais Aplicadas";"0";"1000";"0";
"III edição da Revista eletrônica Direito E-nergia";"";"1";"CONCLUÍDA";"PRODUTO";"REVISTA";"2011";"2011-01-01";"2011-07-31";"DEPARTAMENTO DE DIREITO PUBLICO";"INTERNO";"DIREITOS HUMANOS E JUSTIÇA";"Ciências Sociais Aplicadas";"12";"100";"0";
"Inclusão Digital: uma proposta de criação de videoaulas para o curso de Inclusão Digital de Idosos";"PJ316-2017 Inclusão Digital para Idosos";"200";"EM EXECUÇÃO";"PRODUTO";"PRODUTO AUDIOVISUAL - VÍDEO";"2017";"2017-09-01";"2017-12-31";"INSTITUTO METROPOLE DIGITAL";"INTERNO";"TECNOLOGIA E PRODUÇÃO";"Ciências Exatas e da Terra";"4";"20";"1";
"INFECÇÕES AGUDAS DE VIAS AÉREAS SUPERIORES NA INFÂNCIA: Como conduzir?";"";"2";"CONCLUÍDA";"PRODUTO";"OUTROS";"2013";"2013-08-19";"2014-07-01";"DEPARTAMENTO DE PEDIATRIA";"INTERNO";"SAÚDE";"Ciências da Saúde";"6";"100";"0";
"INFORMATIVO DMA";"";"2000";"CONCLUÍDA";"PRODUTO";"JORNAL";"2010";"2010-01-04";"2010-12-31";"SUPERINTENDÊNCIA DE INFRAESTRUTURA";"INTERNO";"MEIO AMBIENTE";"Ciências Humanas";"2";"2000";"0";
"INOVAÇÃO E SUTENTABILIDADE: UMA PESQUISA APLICADA AO SISTEMA DE ILUMINAÇÃO NATALINA DE NATAL-RN";"";"10";"CONCLUÍDA";"PRODUTO";"RELATÓRIO TÉCNICO";"2012";"2012-09-14";"2012-12-31";"DEPARTAMENTO DE ENGENHARIA BIOMEDICA";"INTERNO";"TECNOLOGIA E PRODUÇÃO";"Engenharias";"0";"12";"0";
"Inovação Tecnológica em Educação a Distância: uma abordagem convergente";"Livro";"1000";"CONCLUÍDA";"PRODUTO";"LIVRO";"2014";"2014-08-05";"2014-08-29";"DEPARTAMENTO DE ENGENHARIA BIOMEDICA";"INTERNO";"EDUCAÇÃO";"Ciências Humanas";"2";"1000";"0";
"Instrumentos de avaliação do NEI-CAp/UFRN";"";"2";"CONCLUÍDA";"PRODUTO";"ARTIGO";"2014";"2014-04-15";"2014-12-19";"NÚCLEO DE EDUCAÇÃO DA INFÂNCIA";"INTERNO";"EDUCAÇÃO";"Ciências Sociais Aplicadas";"0";"41";"0";
"Introdução à  Inferência ";"";"100";"CONCLUÍDA";"PRODUTO";"LIVRO";"2009";"2009-08-20";"2011-08-20";"DEPARTAMENTO DE ESTATISTICA";"INTERNO";"EDUCAÇÃO";"Ciências Exatas e da Terra";"0";"300";"0";
"Inventário e Catálogo Digital das Coleções Arqueológicas do Laboratório de Arqueologia - LARQ/DEHIS/UFRN";"Núcleo de Estudos em Arqueologia";"5";"CONCLUÍDA";"PRODUTO";"PRODUTO AUDIOVISUAL - DVD";"2015";"2015-04-01";"2015-12-31";"DEPARTAMENTO DE HISTÓRIA";"INTERNO";"EDUCAÇÃO";"Ciências Humanas";"3";"400";"0";
"IV Edição da revista eletrônica Direito E-nergia";"";"1";"CONCLUÍDA";"PRODUTO";"REVISTA";"2011";"2011-08-01";"2011-12-31";"DEPARTAMENTO DE DIREITO PUBLICO";"INTERNO";"DIREITOS HUMANOS E JUSTIÇA";"Ciências Sociais Aplicadas";"2";"100";"0";
"Jazz: Por Dentro da Performance";"";"2000";"CONCLUÍDA";"PRODUTO";"PRODUTO AUDIOVISUAL - DVD";"2014";"2014-02-01";"2014-10-31";"ESCOLA DE MÚSICA";"INTERNO";"CULTURA";"Lingüística, Letras e Artes";"0";"3000";"0";
"Jogo da Atenção Primária à Saúde";"Produto gerado a partir da dinâmica "Cinco minutos para o SUS" realizada na disciplina Atividade Interativa Interdisciplinar II (DSC0063)";"10";"CONCLUÍDA";"PRODUTO";"JOGO EDUCATIVO";"2017";"2017-02-16";"2017-04-16";"DEPARTAMENTO DE SAÚDE COLETIVA";"INTERNO";"SAÚDE";"Ciências da Saúde";"0";"140";"0";
"Jogo da Memória sobre Redes de Atenção à Saúde";"Preparação de material para a XXII Semana de Ciência, tecnologia e Cultura (CIENTEC)";"10";"CONCLUÍDA";"PRODUTO";"JOGO EDUCATIVO";"2017";"2017-02-16";"2017-05-14";"DEPARTAMENTO DE SAÚDE COLETIVA";"INTERNO";"SAÚDE";"Ciências da Saúde";"5";"300";"0";
"JORNAL DA MICROECONOMIA";"";"30";"CONCLUÍDA";"PRODUTO";"JORNAL";"2010";"2010-04-01";"2010-12-22";"DEPARTAMENTO DE ECONOMIA";"INTERNO";"TECNOLOGIA E PRODUÇÃO";"Ciências Sociais Aplicadas";"2";"20";"0";
"JORNAL DO PND ";"";"500";"CONCLUÍDA";"PRODUTO";"JORNAL";"2008";"2008-03-19";"2008-07-19";"DEPARTAMENTO DE EDUCAÇÃO FÍSICA";"INTERNO";"SAÚDE";"Ciências da Saúde";"20";"1000";"0";
"JORNAL DO PND "EDUCAÇÂO PELO ESPORTE";"";"300";"CONCLUÍDA";"PRODUTO";"JORNAL";"2009";"2009-04-01";"2009-12-30";"DEPARTAMENTO DE EDUCAÇÃO FÍSICA";"INTERNO";"EDUCAÇÃO";"Ciências da Saúde";"2";"240";"0";
"Jovens e adolescentes natalenses sofrem com oxiurose.";"Enterobiose humana: como diagnosticar, prevenir e tratar?";"100";"CONCLUÍDA";"PRODUTO";"CARTILHA";"2016";"2016-12-30";"2017-01-05";"DEPARTAMENTO DE MICROBIOLOGIA E PARASITOLOGIA";"INTERNO";"SAÚDE";"Ciências da Saúde";"1";"12";"0";
"Lapedufrn.blogspot: O Blogger Oficial  da Liga Acadêmica de Pediatria da UFRN";"Liga Acadêmica de Pediatria da UFRN - LAPED UFRN";"1";"CONCLUÍDA";"PRODUTO";"OUTROS";"2014";"2014-09-21";"2014-12-31";"DEPARTAMENTO DE PEDIATRIA";"INTERNO";"SAÚDE";"Ciências da Saúde";"17";"500";"0";
"LAURENTINO BEZERRA: ESCRITOS E GUARDADOS";"";"300";"CONCLUÍDA";"PRODUTO";"LIVRO";"2008";"2008-03-11";"2008-07-11";"CERES - DEPTO CIÊNCIAS SOCIAIS E HUMANAS";"INTERNO";"CULTURA";"Lingüística, Letras e Artes";"0";"500";"0";
"Lições de Cidadania: educação em direitos humanos e pacificação social";"";"500";"CONCLUÍDA";"PRODUTO";"LIVRO";"2010";"2010-01-05";"2010-08-10";"DEPARTAMENTO DE DIREITO PUBLICO";"INTERNO";"DIREITOS HUMANOS E JUSTIÇA";"Ciências Sociais Aplicadas";"10";"200";"0";
"Lições de Segurança Alimentar e Nutricional na RDS Estadual Ponta do Tubarão: saberes e práticas EM TORNO DA MESA";"";"300";"CONCLUÍDA";"PRODUTO";"LIVRO";"2008";"2008-04-03";"2008-08-03";"DEPARTAMENTO DE NUTRIÇÃO";"INTERNO";"SAÚDE";"Ciências da Saúde";"5";"1000";"0";
"Links Hipertextuais na Comunicação Científica: uma análise webométrica";"";"500";"CONCLUÍDA";"PRODUTO";"LIVRO";"2009";"2003-03-10";"2007-03-09";"DEPARTAMENTO DE CIÊNCIA DA INFORMAÇÃO";"INTERNO";"COMUNICAÇÃO";"Ciências Sociais Aplicadas";"0";"500";"0";
"LIVRO - 
FORMAÇÃO DE EDUCADORES DE JOVENS E ADULTOS: relação entre saberes na proposição curricular 
";"";"500";"CONCLUÍDA";"PRODUTO";"LIVRO";"2008";"2008-04-05";"2008-08-05";"DEPARTAMENTO DE EDUCAÇÃO";"INTERNO";"EDUCAÇÃO";"Ciências Humanas";"0";"1500";"0";
"Livro Lições de Cidadania: Direitos Humanos de Grupos Vulneráveis";"";"400";"CONCLUÍDA";"PRODUTO";"LIVRO";"2009";"2009-03-31";"2009-11-12";"DEPARTAMENTO DE DIREITO PUBLICO";"INTERNO";"DIREITOS HUMANOS E JUSTIÇA";"Ciências Sociais Aplicadas";"12";"400";"0";
"Livro "O meu colega é um poema";"";"30";"CONCLUÍDA";"PRODUTO";"LIVRO";"2015";"2015-08-26";"2015-11-30";"NÚCLEO DE EDUCAÇÃO DA INFÂNCIA";"INTERNO";"EDUCAÇÃO";"Ciências Humanas";"1";"50";"0";
"Luchiari Lab";"";"2";"CONCLUÍDA";"PRODUTO";"OUTROS";"2015";"2015-07-01";"2015-12-31";"DEPARTAMENTO DE FISIOLOGIA";"INTERNO";"COMUNICAÇÃO";"Ciências Biológicas";"2";"20";"0";
"Luz, Câmera e Inclusão: uma proposta de divulgação do Projeto de Inclusão Digital de Idosos";"Inclusão Digital de Idosos";"2";"EM EXECUÇÃO";"PRODUTO";"PRODUTO AUDIOVISUAL - VÍDEO";"2017";"2017-09-01";"2017-12-31";"INSTITUTO METROPOLE DIGITAL";"INTERNO";"COMUNICAÇÃO";"Lingüística, Letras e Artes";"5";"30";"2";
"MANUAL DA AÇÃO DIRETA DE INCONSTITUCIONALIDADE, LEI SIMULADA E PETIÇÃO INICIAL DA STC 2009";"";"100";"CONCLUÍDA";"PRODUTO";"MANUAL";"2009";"2009-01-01";"2009-12-31";"DEPARTAMENTO DE DIREITO PUBLICO";"INTERNO";"DIREITOS HUMANOS E JUSTIÇA";"Ciências Sociais Aplicadas";"6";"100";"0";
"MANUAL DA AÇÃO DIRETA DE INCONSTITUCIONALIDADE, LEI SIMULADA E PETIÇÃO INICIAL DA STC 2010";"";"120";"CONCLUÍDA";"PRODUTO";"MANUAL";"2010";"2010-01-01";"2010-10-30";"DEPARTAMENTO DE DIREITO PUBLICO";"INTERNO";"DIREITOS HUMANOS E JUSTIÇA";"Ciências Sociais Aplicadas";"10";"200";"0";
"Manual de Alterações Fisiológicas do Recém - Nascido";"";"2";"CONCLUÍDA";"PRODUTO";"MANUAL";"2015";"2015-03-01";"2015-12-23";"DEPARTAMENTO DE PEDIATRIA";"INTERNO";"SAÚDE";"Ciências da Saúde";"7";"200";"0";
"Manual de Aulas Práticas Análise de Alimentos";"";"5";"CONCLUÍDA";"PRODUTO";"MANUAL";"2012";"2011-03-01";"2012-07-01";"DEPARTAMENTO DE FARMACIA";"INTERNO";"SAÚDE";"Ciências da Saúde";"2";"100";"0";
"Manual de Aulas Práticas de Bromatologia";"Produto gerado pelo projeto de monitoria ";"1";"CONCLUÍDA";"PRODUTO";"MANUAL";"2015";"2015-02-16";"2015-08-17";"DEPARTAMENTO DE FARMACIA";"INTERNO";"SAÚDE";"Ciências da Saúde";"6";"120";"0";
"Manual de Biópsias";"";"1";"CONCLUÍDA";"PRODUTO";"OUTROS";"2012";"2012-11-01";"2012-12-31";"DEPARTAMENTO DE PATOLOGIA";"INTERNO";"SAÚDE";"Ciências da Saúde";"0";"50";"0";
"Manual de Etiqueta do Estudante universitário: a construção da sua imagem profissional começa aqui!";"";"100";"CONCLUÍDA";"PRODUTO";"MANUAL";"2010";"2010-07-10";"2010-12-10";"FACULDADE DE CIÊNCIAS DA SAÚDE DO TRAIRI - FACISA";"INTERNO";"SAÚDE";"Ciências da Saúde";"43";"350";"0";
"Manual de uso do Sadeprev - Simulador Atuarial-Demográfico de Previdência Social";"Desenvolvendo a gestão de RPPS: um programa para auxílio dos gestores de previdência de servidores públicos";"100";"CONCLUÍDA";"PRODUTO";"MANUAL";"2016";"2016-09-01";"2016-12-31";"DEPARTAMENTO DE DEMOGRAFIA E CIENCIAS ATUARIAIS";"INTERNO";"TRABALHO";"Ciências Sociais Aplicadas";"12";"160";"0";
"MANUAL DO ESTÁGIO SUPERVISIONADO OBRIGATÓRIO EM INSTITUIÇÕES CONVENENTES ";"";"0";"CONCLUÍDA";"PRODUTO";"MANUAL";"2010";"2010-02-22";"2013-12-31";"DEPARTAMENTO DE CIÊNCIAS CONTÁBEIS";"INTERNO";"EDUCAÇÃO";"Ciências Sociais Aplicadas";"15";"100";"0";
"Mapeamento dos procedimentos de resolução de conflitos Câmara de Mediação e Arbitragem do RN";"Relatório dos indicadores resultantes da resolução de conflitos operados pela Câmara de Mediação e Arbitragem do RN";"5";"EM EXECUÇÃO";"PRODUTO";"RELATÓRIO TÉCNICO";"2017";"2017-05-08";"2017-12-09";"DEPARTAMENTO DE CIÊNCIAS CONTÁBEIS";"INTERNO";"EDUCAÇÃO";"Ciências Sociais Aplicadas";"0";"3";"0";
"MATERIAL DIDÁTICO DO CURSO SOBRE AS NORMAS BRASILEIRAS DE CONTABILIDADE APLICADAS AO SETOR PÚBLICO (NBCASP)  MODALIDADE À DISTÂNCIA - APOSTILA";"";"150";"CONCLUÍDA";"PRODUTO";"OUTROS";"2010";"2010-08-09";"2010-09-13";"DEPARTAMENTO DE CIÊNCIAS CONTÁBEIS";"INTERNO";"EDUCAÇÃO";"Ciências Sociais Aplicadas";"0";"150";"0";
"Material didático para aulas praticas";"Praticas de laboratório de transferência de calor";"7";"EM EXECUÇÃO";"PRODUTO";"OUTROS";"2014";"2014-06-10";"2018-12-31";"DEPARTAMENTO DE ENGENHARIA MECANICA";"INTERNO";"EDUCAÇÃO";"Engenharias";"0";"40";"0";
"MCC Code - Aplicativo Android para acesso à conteúdo extra das exposições do Museu Câmara Cascudo";"TI no Museu: promovendo a interação do público com exposições do Câmara Cascudo";"1";"CONCLUÍDA";"PRODUTO";"APLICATIVO PARA COMPUTADOR";"2017";"2017-08-12";"2017-08-22";"INSTITUTO METROPOLE DIGITAL";"INTERNO";"TECNOLOGIA E PRODUÇÃO";"Ciências Exatas e da Terra";"1";"10";"0";
"Mecanismos de hipersensiblidade - respostas tipos I, II, III e IV";"Atividade de ensino de graduação da disciplina de patologia geral PAT401";"1";"CONCLUÍDA";"PRODUTO";"PRODUTO ARTÍSTICO";"2012";"2012-03-01";"2012-08-30";"DEPARTAMENTO DE PATOLOGIA";"INTERNO";"SAÚDE";"Ciências da Saúde";"0";"50";"0";
"Memória Digital do DEPED";"";"100";"CONCLUÍDA";"PRODUTO";"PRODUTO AUDIOVISUAL - CD";"2008";"2008-06-02";"2008-10-02";"DEPARTAMENTO DE EDUCAÇÃO";"INTERNO";"EDUCAÇÃO";"Ciências Sociais Aplicadas";"0";"120";"0";
"Memória, Ritos Funerários e Canonizações Populares no Rio Grande do Norte";"";"5000";"CONCLUÍDA";"PRODUTO";"LIVRO";"2008";"2008-04-04";"2008-08-04";"DEPARTAMENTO DE ANTROPOLOGIA";"INTERNO";"CULTURA";"Ciências Humanas";"0";"3000";"0";
"Metodologia na Extensão Universitária";"";"100";"CONCLUÍDA";"PRODUTO";"CARTILHA";"2012";"2012-03-19";"2012-04-27";"DEPARTAMENTO DE CIÊNCIAS CONTÁBEIS";"INTERNO";"EDUCAÇÃO";"Ciências Sociais Aplicadas";"4";"100";"0";
"Métodos Básicos de Estatística";"";"300";"CONCLUÍDA";"PRODUTO";"LIVRO";"2015";"2015-05-19";"2015-09-30";"DEPARTAMENTO DE ESTATISTICA";"INTERNO";"EDUCAÇÃO";"Ciências Exatas e da Terra";"0";"145";"0";
"Meu colega é um poema";"";"25";"CONCLUÍDA";"PRODUTO";"LIVRO";"2015";"2015-11-17";"2015-12-11";"NÚCLEO DE EDUCAÇÃO DA INFÂNCIA";"INTERNO";"EDUCAÇÃO";"Ciências Humanas";"1";"30";"0";
"MINI- ATLAS DE DERMATOLOGIA PEDIÁTRICA: Salvando a pele do generalista";"";"5";"CONCLUÍDA";"PRODUTO";"MANUAL";"2013";"2013-02-04";"2013-12-06";"DEPARTAMENTO DE PEDIATRIA";"INTERNO";"SAÚDE";"Ciências da Saúde";"5";"300";"0";
"MNEME  REVISTA DE HUMANIDADES ";"";"10000";"CONCLUÍDA";"PRODUTO";"REVISTA";"2016";"2016-04-26";"2017-04-26";"CERES - DEPARTAMENTO DE HISTÓRIA";"INTERNO";"EDUCAÇÃO";"Ciências Humanas";"1";"100000";"0";
"Mneme - Revista de Humanidades (2017)";"";"2";"EM EXECUÇÃO";"PRODUTO";"REVISTA";"2017";"2017-05-23";"2017-12-31";"CERES - DEPARTAMENTO DE HISTÓRIA";"INTERNO";"CULTURA";"Ciências Humanas";"1";"500";"0";
"MODELAGEM ANALÍTICA E OPERACIONAL EM CONTABILIDADE";"";"1";"CONCLUÍDA";"PRODUTO";"ARTIGO";"2010";"2010-08-01";"2011-12-31";"DEPARTAMENTO DE CIÊNCIAS CONTÁBEIS";"INTERNO";"EDUCAÇÃO";"Ciências Sociais Aplicadas";"0";"500";"0";
"Monitoramento bioclimático em Caicó/RN: Boletim Informativo 2014";"";"50";"CONCLUÍDA";"PRODUTO";"COMUNICAÇÃO";"2014";"2014-01-01";"2016-12-31";"DEPARTAMENTO DE GEOGRAFIA/CCHLA";"INTERNO";"MEIO AMBIENTE";"Ciências Exatas e da Terra";"0";"200";"0";
"Monitoramento bioclimático em Natal/RN: Boletim Informativo 2014";"";"50";"CONCLUÍDA";"PRODUTO";"COMUNICAÇÃO";"2014";"2014-01-01";"2016-12-31";"DEPARTAMENTO DE GEOGRAFIA/CCHLA";"INTERNO";"MEIO AMBIENTE";"Ciências Exatas e da Terra";"3";"1000";"0";
"Monitoramento bioclimático em Natal/RN: Boletim Informativo 2017";"Comunicação";"50";"EM EXECUÇÃO";"PRODUTO";"COMUNICAÇÃO";"2017";"2017-02-01";"2019-12-31";"DEPARTAMENTO DE GEOGRAFIA/CCHLA";"INTERNO";"MEIO AMBIENTE";"Ciências Exatas e da Terra";"0";"1000";"0";
"Museu Digital Tronco, Ramos e Raízes";"Museu Digital Tronco, Ramos e Raízes";"1";"CONCLUÍDA";"PRODUTO";"OUTROS";"2016";"2016-02-01";"2017-07-07";"DEPARTAMENTO DE ANTROPOLOGIA";"INTERNO";"CULTURA";"Ciências Humanas";"1";"200";"0";
"Museu para Todos";"Projeto "As mãos sentem o que os olhos não veem";"1";"EM EXECUÇÃO";"PRODUTO";"PRODUTO AUDIOVISUAL - VÍDEO";"2017";"2017-09-01";"2017-12-31";"DEPARTAMENTO DE MORFOLOGIA";"INTERNO";"EDUCAÇÃO";"Ciências Biológicas";"3";"10";"1";
"Não tá tranquilo, tá desfavorável: Combate ao Aedes Aegypti";"";"1";"CONCLUÍDA";"PRODUTO";"PRODUTO AUDIOVISUAL - VÍDEO";"2016";"2016-06-14";"2016-06-14";"DEPARTAMENTO DE FISIOTERAPIA";"INTERNO";"SAÚDE";"Ciências da Saúde";"1";"30";"0";
"NBCASP: pesquisa empírica";"";"100";"CONCLUÍDA";"PRODUTO";"ARTIGO";"2011";"2011-08-08";"2011-08-31";"DEPARTAMENTO DE CIÊNCIAS CONTÁBEIS";"INTERNO";"EDUCAÇÃO";"Ciências Sociais Aplicadas";"1";"100";"0";
"Nona e Décima edições da Revista FIDES";"Revista de Filosofia do Direito, do Estado e da Sociedade";"2";"CONCLUÍDA";"PRODUTO";"REVISTA";"2014";"2014-01-01";"2014-12-30";"DEPARTAMENTO DE DIREITO PUBLICO";"INTERNO";"DIREITOS HUMANOS E JUSTIÇA";"Ciências Sociais Aplicadas";"19";"50";"0";
"Nova Criação do site do I Colóquio História Cultural e Sensibilidades";"";"1";"CONCLUÍDA";"PRODUTO";"APLICATIVO PARA COMPUTADOR";"2011";"2011-11-04";"2011-11-21";"CERES - DEPARTAMENTO DE HISTÓRIA";"INTERNO";"TECNOLOGIA E PRODUÇÃO";"Ciências Sociais Aplicadas";"1";"500";"0";
"NOVO PLANO DE CONTAS APLICADO AO SETOR PÚBLICO: UMA ANÁLISE COMPARATIVA";"";"5";"CONCLUÍDA";"PRODUTO";"ARTIGO";"2010";"2010-03-01";"2010-04-30";"DEPARTAMENTO DE CIÊNCIAS CONTÁBEIS";"INTERNO";"COMUNICAÇÃO";"Ciências Sociais Aplicadas";"0";"1000";"0";
"NutriAção 2012";"";"4";"CONCLUÍDA";"PRODUTO";"PROGRAMA DE RÁDIO";"2012";"2012-08-23";"2012-08-31";"FACULDADE DE CIÊNCIAS DA SAÚDE DO TRAIRI - FACISA";"INTERNO";"SAÚDE";"Ciências da Saúde";"2";"1000";"0";
"O ABCDE do Desenvolvimento Neuropsicomotor (DNPM) no primeiro ano de vida";"";"1";"CONCLUÍDA";"PRODUTO";"OUTROS";"2015";"2015-06-27";"2015-12-28";"DEPARTAMENTO DE PEDIATRIA";"INTERNO";"SAÚDE";"Ciências da Saúde";"6";"100";"0";
"O Efeito da Adoção às Normas Internacionais de Contabilidade nos Relatórios dos Auditores Independentes: Um Estudo nas Companhias Listadas na BMF&BOVESPA";"Qualidade da Auditoria: Um Estudo nas Companhias Listadas na BMF&BOVESPA e em Clubes de Futebol";"1";"CONCLUÍDA";"PRODUTO";"ARTIGO";"2012";"2012-08-01";"2012-11-30";"DEPARTAMENTO DE CIÊNCIAS CONTÁBEIS";"INTERNO";"COMUNICAÇÃO";"Ciências Sociais Aplicadas";"1";"10";"0";
"O Encantador de Serpentes e outros ensaios de comunicação política (livro)";"";"1500";"CONCLUÍDA";"PRODUTO";"LIVRO";"2008";"2008-04-01";"2008-08-01";"DEPARTAMENTO DE COMUNICAÇÃO SOCIAL";"INTERNO";"COMUNICAÇÃO";"Ciências Humanas";"0";"3000";"0";
"Oitava Edição da Revista FIDES";"Revista Eletrônica FIDES";"1";"CONCLUÍDA";"PRODUTO";"REVISTA";"2013";"2013-06-25";"2013-12-30";"DEPARTAMENTO DE DIREITO PUBLICO";"INTERNO";"DIREITOS HUMANOS E JUSTIÇA";"Ciências Sociais Aplicadas";"13";"100";"0";
"Olhos Caros";"";"50";"EM EXECUÇÃO";"PRODUTO";"PRODUTO AUDIOVISUAL - VÍDEO";"2017";"2017-08-04";"2019-12-30";"DEPARTAMENTO DE LETRAS - CERES";"INTERNO";"TECNOLOGIA E PRODUÇÃO";"Lingüística, Letras e Artes";"0";"200";"0";
"Olhos Caros";"";"30";"CONCLUÍDA";"PRODUTO";"PRODUTO AUDIOVISUAL - VÍDEO";"2016";"2016-08-12";"2017-01-31";"DEPARTAMENTO DE LETRAS - CERES";"INTERNO";"EDUCAÇÃO";"Outra";"0";"200";"0";
"Ônibus-Teatro: Passageiros da Cena";"";"1";"CONCLUÍDA";"PRODUTO";"OUTROS";"2008";"2008-03-25";"2008-07-25";"DEPARTAMENTO DE ARTES";"INTERNO";"CULTURA";"Lingüística, Letras e Artes";"20";"500";"0";
"O que você precisa saber sobre a musculatura do assoalho pélvico no pós parto ?";"Atenção à saúde das mulheres no puerpério imediato e tardio na Maternidade Escola Januário Cicco";"800";"EM EXECUÇÃO";"PRODUTO";"CARTILHA";"2017";"2017-09-01";"2017-12-31";"COORDENAÇÃO DO CURSO DE FISIOTERAPIA";"INTERNO";"SAÚDE";"Ciências da Saúde";"4";"50";"1";
"ORÇAMENTO EMPRESARIAL: TEXTOS E CASOS";"";"100";"CONCLUÍDA";"PRODUTO";"LIVRO";"2011";"2011-02-07";"2012-02-07";"DEPARTAMENTO DE CIÊNCIAS CONTÁBEIS";"INTERNO";"EDUCAÇÃO";"Ciências Sociais Aplicadas";"1";"100";"0";
"Orientações de Nutrição Aplicada á Atividade Física";"";"700000";"CONCLUÍDA";"PRODUTO";"PROGRAMA DE TV";"2010";"2010-06-13";"2010-12-26";"DEPARTAMENTO DE NUTRIÇÃO";"INTERNO";"SAÚDE";"Ciências da Saúde";"0";"700000";"0";
"Orientações e cuidados após transplante renal";"";"100";"CONCLUÍDA";"PRODUTO";"CARTILHA";"2013";"2013-09-10";"2013-09-23";"HOSPITAL UNIVERSITÁRIO ONOFRE LOPES";"INTERNO";"SAÚDE";"Ciências da Saúde";"9";"100";"0";
"Os céticos gregos";"";"1500";"CONCLUÍDA";"PRODUTO";"LIVRO";"2008";"2008-03-26";"2008-07-26";"DEPARTAMENTO DE FILOSOFIA";"INTERNO";"CULTURA";"Ciências Humanas";"0";"2000";"0";
"PAPO LEGAL  - CARTILHA INFORMATIVA SOBRE SAÚDE E SEXUALIDADE PARA ADOLESCENTES.";"";"300";"CONCLUÍDA";"PRODUTO";"CARTILHA";"2008";"2008-04-03";"2008-08-03";"DEPARTAMENTO DE ENFERMAGEM";"INTERNO";"SAÚDE";"Ciências da Saúde";"10";"300";"0";
"Para a Construção de um Mundo Melhor";"";"1000";"CONCLUÍDA";"PRODUTO";"CARTILHA";"2010";"2010-01-06";"2010-12-22";"DEPARTAMENTO DE MICROBIOLOGIA E PARASITOLOGIA";"INTERNO";"COMUNICAÇÃO";"Ciências Biológicas";"7";"600";"1";
"PARADIGMAS NA PESQUISA CONTÁBILNO BRASIL:
Um estudo epistemológico sobre a evolução nos trabalhos de programas de pós-graduação em ciências contábeis
";"";"1";"CONCLUÍDA";"PRODUTO";"ARTIGO";"2010";"2010-07-01";"2011-12-31";"DEPARTAMENTO DE CIÊNCIAS CONTÁBEIS";"INTERNO";"EDUCAÇÃO";"Ciências Sociais Aplicadas";"0";"500";"0";
"Parceiros do mar.";"Produção de vídeo";"1";"EM EXECUÇÃO";"PRODUTO";"PRODUTO AUDIOVISUAL - VÍDEO";"2017";"2017-09-01";"2017-12-31";"DEPARTAMENTO DE MORFOLOGIA";"INTERNO";"MEIO AMBIENTE";"Ciências Biológicas";"10";"20";"2";
" Pediatria ambulatorial- Guia de consulta rápida ";"";"3";"CONCLUÍDA";"PRODUTO";"MANUAL";"2012";"2011-06-15";"2012-06-15";"HOSPED - HOSPITAL DE PEDIATRIA";"INTERNO";"SAÚDE";"Ciências da Saúde";"38";"200";"0";
"PER CAPITA DIÁRIO DOS ALIMENTOS FORNECIDOS A ENTIDADES ATENDIDAS PELO PROGRAMA DE AQUISIÇÃO DE ALIMENTOS (PAA) NO RIO GRANDE DO NORTE";"";"10";"CONCLUÍDA";"PRODUTO";"RELATÓRIO TÉCNICO";"2014";"2014-02-03";"2014-06-30";"DEPARTAMENTO DE NUTRIÇÃO";"INTERNO";"SAÚDE";"Ciências da Saúde";"0";"1000";"0";
"Pesquisa Empírica: uma contribuição ao tratamento contábil dos bens de uso comum.";"";"100";"CONCLUÍDA";"PRODUTO";"ARTIGO";"2012";"2012-01-02";"2012-01-31";"DEPARTAMENTO DE CIÊNCIAS CONTÁBEIS";"INTERNO";"COMUNICAÇÃO";"Ciências Sociais Aplicadas";"0";"100";"0";
"PLANEJAMENTO ESTRATÉGICO SITUACIONAL: Aplicação à Escola Centro Estadual de Educação Profissional Senador Jessé Pinto Freire (CENEP)";"Planejamento Estratégico Situacional na Administração Pública: enfoque em escolas pública, 3° edição.";"2";"CONCLUÍDA";"PRODUTO";"RELATÓRIO TÉCNICO";"2016";"2016-10-03";"2016-12-02";"DEPARTAMENTO DE CIÊNCIAS ADMINISTRATIVAS";"INTERNO";"TECNOLOGIA E PRODUÇÃO";"Ciências Sociais Aplicadas";"1";"13";"0";
"PLANEJAMENTO ESTRATÉGICO SITUACIONAL:
 APLICAÇÃO A ESCOLA ESTADUAL HENRIQUE CASTRICIANO DE SOUZA";"Planejamento Estratégico Situacional na Administração Pública: enfoque em escolas pública, 3° edição.";"2";"CONCLUÍDA";"PRODUTO";"RELATÓRIO TÉCNICO";"2016";"2016-10-03";"2016-12-02";"DEPARTAMENTO DE CIÊNCIAS ADMINISTRATIVAS";"INTERNO";"TECNOLOGIA E PRODUÇÃO";"Ciências Sociais Aplicadas";"1";"13";"0";
"PLANEJAMENTO ESTRATÉGICO SITUACIONAL: APLICAÇÃO A ESCOLA ESTADUAL PRESIDENTE KENNEDY";"Planejamento Estratégico Situacional na Administração Pública: enfoque em escolas pública, 3° edição.";"2";"CONCLUÍDA";"PRODUTO";"RELATÓRIO TÉCNICO";"2016";"2016-09-02";"2016-12-03";"DEPARTAMENTO DE CIÊNCIAS ADMINISTRATIVAS";"INTERNO";"TECNOLOGIA E PRODUÇÃO";"Ciências Sociais Aplicadas";"3";"3";"0";
"PLANEJAMENTO ESTRATÉGICO SITUACIONAL: APLICAÇÃO AO SETOR DE ORÇAMENTO E FINANÇAS DA JUSTIÇA FEDERAL NO RIO GRANDE DO NORTE";"(PJ 571-2017) Planejamento Estratégico Situacional na Administração Pública, 4° edição.";"2";"CONCLUÍDA";"PRODUTO";"RELATÓRIO TÉCNICO";"2017";"2017-03-31";"2017-06-11";"DEPARTAMENTO DE CIÊNCIAS ADMINISTRATIVAS";"INTERNO";"TECNOLOGIA E PRODUÇÃO";"Ciências Sociais Aplicadas";"4";"8";"0";
"Planejamento Estratégico Situacional aplicado a Escola Pública: Um Estudo de caso na Escola Estadual Professor José Fernandes Machado em Natal (RN)";"Consultoria sobre planejamento e outras ferramentas de gestão estratégica na Administração Pública";"2";"CONCLUÍDA";"PRODUTO";"RELATÓRIO TÉCNICO";"2015";"2015-09-02";"2015-12-03";"DEPARTAMENTO DE CIÊNCIAS ADMINISTRATIVAS";"INTERNO";"TECNOLOGIA E PRODUÇÃO";"Ciências Sociais Aplicadas";"2";"15";"0";
"PLANEJAMENTO ESTRATÉGICO SITUACIONAL Entidade Escola Municipal Prof. Francisca Ferreira da Silva";"Consultoria em planejamento estratégico na Administração Pública: enfoque em instituições/setores atuantes em educação, esporte e lazer.";"2";"CONCLUÍDA";"PRODUTO";"RELATÓRIO TÉCNICO";"2016";"2016-05-03";"2016-07-30";"DEPARTAMENTO DE CIÊNCIAS ADMINISTRATIVAS";"INTERNO";"TECNOLOGIA E PRODUÇÃO";"Ciências Sociais Aplicadas";"5";"21";"0";
"PLANEJAMENTO ESTRATÉGICO SITUACIONAL: ESCOLA ESTADUAL DESEMBARGADOR FLORIANO CAVALCANTE";"PLANEJAMENTO ESTRATÉGICO SITUACIONAL NA ADMINISTRAÇÃO PÚBLICA: ENFOQUE EM ESCOLAS PÚBLICAS, 3° EDIÇÃO";"2";"CONCLUÍDA";"PRODUTO";"RELATÓRIO TÉCNICO";"2016";"2016-09-03";"2016-12-02";"DEPARTAMENTO DE CIÊNCIAS ADMINISTRATIVAS";"INTERNO";"TECNOLOGIA E PRODUÇÃO";"Ciências Sociais Aplicadas";"5";"13";"0";
"Planejamento Familiar: conhecendo os métodos comportamentais por meio do cordel";"";"200";"CONCLUÍDA";"PRODUTO";"OUTROS";"2011";"2011-09-12";"2011-09-15";"FACULDADE DE CIÊNCIAS DA SAÚDE DO TRAIRI - FACISA";"INTERNO";"SAÚDE";"Ciências da Saúde";"35";"60";"0";
"Planejamento Familiar: conhecendo os métodos por meio do álbum seriado";"";"1";"CONCLUÍDA";"PRODUTO";"OUTROS";"2011";"2011-08-15";"2011-12-16";"FACULDADE DE CIÊNCIAS DA SAÚDE DO TRAIRI - FACISA";"INTERNO";"SAÚDE";"Ciências da Saúde";"34";"120";"0";
"PND - JORNAL EDUCAÇÃO PELO ESPORTE";"";"500";"CONCLUÍDA";"PRODUTO";"JORNAL";"2010";"2010-01-01";"2010-12-31";"DEPARTAMENTO DE EDUCAÇÃO FÍSICA";"INTERNO";"EDUCAÇÃO";"Ciências da Saúde";"2";"600";"0";
"POLÍTICAS PÚBLICAS DE GOVERNO ELETRÔNICO: UMA ANÁLISE DAS PRÁTICAS DE CONTROLE E
AVALIAÇÃO NA GESTÃO DE CONVÊNIOS DAS ENTIDADES PRIVADAS SEM FINS LUCRATIVOS COM
O GOVERNO FEDERAL ";"";"1";"CONCLUÍDA";"PRODUTO";"ARTIGO";"2010";"2010-08-01";"2010-12-31";"DEPARTAMENTO DE CIÊNCIAS CONTÁBEIS";"INTERNO";"EDUCAÇÃO";"Ciências Sociais Aplicadas";"0";"500";"0";
"PRATICANDO NEGÓCIOS";"";"20";"CONCLUÍDA";"PRODUTO";"MANUAL";"2009";"2009-08-10";"2009-12-31";"DEPARTAMENTO DE CIÊNCIAS CONTÁBEIS";"INTERNO";"TRABALHO";"Ciências Sociais Aplicadas";"77";"500";"0";
"Pregão Eletrônico: análises de sua utilização no Instituto Federal de Educação, Ciência e Tecnologia do Rio Grande do Norte, no ano de 2009.";"";"100";"CONCLUÍDA";"PRODUTO";"ARTIGO";"2011";"2011-02-01";"2011-02-28";"DEPARTAMENTO DE CIÊNCIAS CONTÁBEIS";"INTERNO";"COMUNICAÇÃO";"Ciências Sociais Aplicadas";"1";"100";"0";
"Processo de avaliação no NEI-CAp/UFRN: coletânea de relatos da prática pedagógica";"";"50";"CONCLUÍDA";"PRODUTO";"ANAIS";"2015";"2015-05-21";"2015-12-12";"NÚCLEO DE EDUCAÇÃO DA INFÂNCIA";"INTERNO";"EDUCAÇÃO";"Ciências Sociais Aplicadas";"14";"60";"0";
"Produção de Sabão Líquido Ecológico";"";"1";"EM EXECUÇÃO";"PRODUTO";"OUTROS";"2017";"2017-09-01";"2017-12-31";"CERES - DEPTO CIÊNCIAS EXATAS E APLICADAS";"INTERNO";"TECNOLOGIA E PRODUÇÃO";"Outra";"2";"300";"1";
"PRODUÇÃO DE VÍDEO SOBRE A ANÁLISE DA PROPAGANDA DE UM FITOTERÁPICO";"Vídeo gerado a partir de uma análise crítica da propaganda de um fitoterápico vinculadas aos meios de comunicação (Internet, folder, revistas...) de acordo com a RDC Nº 98 de 2008";"1";"CONCLUÍDA";"PRODUTO";"PRODUTO AUDIOVISUAL - VÍDEO";"2017";"2017-03-09";"2017-03-13";"DEPARTAMENTO DE FARMACIA";"INTERNO";"SAÚDE";"Ciências da Saúde";"62";"64";"0";
"Produção vídeo-Gráfica sobre ações e práticas no Laboratório de Farmacologia: O Ensino de Metodologias Experimentais";"";"50";"CONCLUÍDA";"PRODUTO";"PRODUTO AUDIOVISUAL - VÍDEO";"2011";"2011-04-04";"2011-06-24";"DEPARTAMENTO DE BIOFÍSICA E FARMACOLOGIA";"INTERNO";"SAÚDE";"Ciências Biológicas";"9";"21";"0";
"Programa televisivo TELA RURAL, ano 3";"programas televisivos acerca da temática rural produzidos a partir das pesquisas realizadas pela EAJ";"35";"CONCLUÍDA";"PRODUTO";"PRODUTO AUDIOVISUAL - OUTROS";"2015";"2015-04-01";"2015-12-22";"SUPERINTENDENCIA DE COMUNICACAO";"INTERNO";"COMUNICAÇÃO";"Ciências Agrárias";"2";"1200";"0";
"Projeto de adequação das bulas à RDC No 47/09 (Elaboração de bulas padrão)";"";"1";"CONCLUÍDA";"PRODUTO";"OUTROS";"2012";"2012-09-01";"2014-12-31";"DEPARTAMENTO DE FARMACIA";"INTERNO";"SAÚDE";"Ciências da Saúde";"2";"100000000";"0";
"PROJETO DE ARQUITETURA, REFORMA E AMPLIAÇÃO, DA IGREJA DE SÃO SEBASTIÃO - SÃO GONÇALO DO AMARANTE/RN";"NÚCLEO DE EXTENSÃO UNIVERSITÁRIA CIDADE E CIDADANIA";"1";"CONCLUÍDA";"PRODUTO";"OUTROS";"2015";"2015-08-27";"2015-09-05";"DEPARTAMENTO DE ARQUITETURA";"INTERNO";"EDUCAÇÃO";"Ciências Sociais Aplicadas";"2";"6";"0";
"PROJETO DE ARQUITETURA REFORMA E AMPLIAÇÃO DE CASA PAROQUIAL - SÃO GONÇALO DO AMARANTE";"PROJETO DE ARQUITETURA DE REFORMA E AMPLIAÇÃO DE CASA PAROQUIAL";"1";"CONCLUÍDA";"PRODUTO";"OUTROS";"2015";"2015-08-27";"2015-09-26";"DEPARTAMENTO DE ARQUITETURA";"INTERNO";"EDUCAÇÃO";"Ciências Exatas e da Terra";"1";"2";"0";
"Projeto de Extensão Iniciação ao Aikido";"Projeto de Extensão Iniciação ao Aikido";"1";"EM EXECUÇÃO";"PRODUTO";"PRODUTO AUDIOVISUAL - VÍDEO";"2017";"2017-09-01";"2017-12-31";"DEPARTAMENTO DE EDUCAÇÃO FÍSICA";"INTERNO";"CULTURA";"Ciências da Saúde";"3";"25";"1";
"Projeto Equiíbrio";"Atuação Fonoaudiológica na Reabilitação Vestibular";"1";"EM EXECUÇÃO";"PRODUTO";"PRODUTO AUDIOVISUAL - VÍDEO";"2017";"2017-09-01";"2017-12-31";"DEPARTAMENTO DE FONOAUDIOLOGIA";"INTERNO";"SAÚDE";"Ciências da Saúde";"5";"6";"2";
"PROJETO PARA PRESERVAÇÃO E DIGITALIZAÇÃO DO ACERVO DOCUMENTAL REFERENTE AO PROGRMA NACIONAL DO LIVRO DIDÁTICO/PNLD (AMPLIAÇÃO 2011 A 2015) E DO PROGRAMA NACIONAL BIBLIOTECA DA ESCOLA/PNBE (INSTALAÇÃO 2005 A 2015)
";"Acervo digitalizado e disponibilizado para pesquisa";"1000";"CONCLUÍDA";"PRODUTO";"OUTROS";"2014";"2014-08-15";"2016-08-19";"DEPARTAMENTO DE HISTÓRIA";"INTERNO";"EDUCAÇÃO";"Ciências Humanas";"0";"30";"0";
"Projeto - UFRN NA COPA - HOTSITE UFRN NA COPA";"";"52";"CONCLUÍDA";"PRODUTO";"OUTROS";"2012";"2012-02-13";"2012-12-15";"DEPARTAMENTO DE EDUCAÇÃO FÍSICA";"INTERNO";"EDUCAÇÃO";"Ciências da Saúde";"5";"2000";"0";
"PROJETO VIDA SAUDÁVEL E BEM-ESTAR: O ADOLESCENTE CONECTADO COM AS METAS GLOBAIS";"Vídeo didático";"10";"EM EXECUÇÃO";"PRODUTO";"PRODUTO AUDIOVISUAL - VÍDEO";"2017";"2017-09-01";"2017-12-31";"DEPARTAMENTO DE ENFERMAGEM";"INTERNO";"SAÚDE";"Ciências da Saúde";"11";"12";"1";
"PROMOÇÃO DA SAÚDE OCUPACIONAL NO HUOL: CARTILHA EDUCATIVA PARA PROFISSIONAIS DE SAÚDE";"PJ898 - 2014 - PROMOÇÃO DA SAÚDE OCUPACIONAL NO HUOL: ABORDAGEM FISIOTERAPÊUTICA DO ESTRESSE OCUPACIONAL NO TRABALHADOR EM SAÚDE";"400";"CONCLUÍDA";"PRODUTO";"CARTILHA";"2015";"2015-03-16";"2016-03-11";"DEPARTAMENTO DE FISIOTERAPIA";"INTERNO";"SAÚDE";"Ciências da Saúde";"0";"400";"0";
"PROMOÇÃO DE AMBIENCIA SAUDÁVEL EM 44 UNIDADES BÁSICAS DE SAÚDE DO MUNICÍPIO DE NATAL";"";"44";"CONCLUÍDA";"PRODUTO";"OUTROS";"2013";"2013-02-01";"2013-03-30";"DEPARTAMENTO DE ARQUITETURA";"INTERNO";"EDUCAÇÃO";"Ciências Sociais Aplicadas";"1";"60";"0";
"Promovendo o Planejamento Familiar: conhecendo os métodos contraceptivos";"";"1";"CONCLUÍDA";"PRODUTO";"PRODUTO AUDIOVISUAL - OUTROS";"2010";"2010-09-14";"2010-09-14";"FACULDADE DE CIÊNCIAS DA SAÚDE DO TRAIRI - FACISA";"INTERNO";"SAÚDE";"Ciências da Saúde";"24";"100";"0";
"PROPOSTA POLÍTICO PEDAGÓGICA DO NÚCLEO DE EDUCAÇÃO DA INFÂNCIA 
";"";"100";"CONCLUÍDA";"PRODUTO";"LIVRO";"2015";"2015-05-04";"2016-12-29";"NÚCLEO DE EDUCAÇÃO DA INFÂNCIA";"INTERNO";"EDUCAÇÃO";"Ciências Sociais Aplicadas";"9";"45";"0";
"Publicação: HISTÓRIA E MEMÓRIA DA CÂMARA MUNICIPAL DE CAICÓ";"Pesquisa sobre a história da Câmara Municipal de Caicó";"500";"CONCLUÍDA";"PRODUTO";"LIVRO";"2015";"2015-05-05";"2016-07-31";"CERES - DEPARTAMENTO DE HISTÓRIA";"INTERNO";"CULTURA";"Ciências Humanas";"6";"100";"0";
"Publicações "Educação Geográfica: ensino e práticas" "Ead: Percursos e experiências";"Produto";"1000";"CONCLUÍDA";"PRODUTO";"LIVRO";"2014";"2014-08-05";"2014-08-30";"DEPARTAMENTO DE GEOGRAFIA/CCHLA";"INTERNO";"EDUCAÇÃO";"Ciências Humanas";"0";"100";"0";
"Puericultura do HOSPED";"";"300";"CONCLUÍDA";"PRODUTO";"MANUAL";"2010";"2010-01-29";"2010-12-31";"HOSPED - HOSPITAL DE PEDIATRIA";"INTERNO";"SAÚDE";"Ciências da Saúde";"0";"300";"0";
"Quem conhece se cuida: informações a comunidade";"Folderes informativos";"300";"CONCLUÍDA";"PRODUTO";"OUTROS";"2014";"2014-05-15";"2014-05-30";"DEPARTAMENTO DE ENFERMAGEM";"INTERNO";"SAÚDE";"Ciências da Saúde";"37";"37";"0";
"Radiodifusão: cuidados integrais à saude da criança
";"";"30";"CONCLUÍDA";"PRODUTO";"PROGRAMA DE RÁDIO";"2009";"2008-12-01";"2009-12-15";"DEPARTAMENTO DE PEDIATRIA";"INTERNO";"SAÚDE";"Ciências da Saúde";"2";"1000";"0";
"Receita Orçamentária: análises de registros contábeis no enfoque orçamentário";"";"100";"CONCLUÍDA";"PRODUTO";"ARTIGO";"2011";"2011-08-08";"2011-08-31";"DEPARTAMENTO DE CIÊNCIAS CONTÁBEIS";"INTERNO";"EDUCAÇÃO";"Ciências Sociais Aplicadas";"1";"100";"0";
"RELATÓRIO DE CONSULTORIA: FERRAMENTA GERENCIAL PLANEJAMENTO ESTRATÉGICO: APLICADA AO TRIBUNAL DE CONTAS DO ESTADO DO RIO GRANDE DO NORTE";"Projeto Consultoria sobre planejamento e outras ferramentas de gestão estratégica na Administração Pública";"2";"CONCLUÍDA";"PRODUTO";"RELATÓRIO TÉCNICO";"2015";"2015-09-02";"2015-12-03";"DEPARTAMENTO DE CIÊNCIAS ADMINISTRATIVAS";"INTERNO";"TECNOLOGIA E PRODUÇÃO";"Ciências Sociais Aplicadas";"1";"15";"0";
"Relatório de Consultoria: Ferramenta Gerencial Portal da Transparência Aplicado na UFRN";"Consultoria sobre planejamento e outras ferramentas de gestão estratégica na Administração Pública";"2";"CONCLUÍDA";"PRODUTO";"RELATÓRIO TÉCNICO";"2015";"2015-09-02";"2016-12-03";"DEPARTAMENTO DE CIÊNCIAS ADMINISTRATIVAS";"INTERNO";"TECNOLOGIA E PRODUÇÃO";"Ciências Sociais Aplicadas";"3";"15";"0";
"RELATÓRIO DE CONSULTORIA:PLANEJAMENTO ESTRATÉGICO SITUACIONAL:APLICAÇÃO A ESCOLA IFRN ZONA NORTE";"";"2";"CONCLUÍDA";"PRODUTO";"RELATÓRIO TÉCNICO";"2016";"2016-05-03";"2016-07-30";"DEPARTAMENTO DE CIÊNCIAS ADMINISTRATIVAS";"INTERNO";"TECNOLOGIA E PRODUÇÃO";"Ciências Sociais Aplicadas";"6";"21";"0";
"RELATÓRIO DE CONSULTORIA: PLANEJAMENTO ESTRATÉGICO SITUACIONAL: APLICAÇÃO A ESCOLA MUNICIPAL JOÃO GUIÓ";"Consultoria em planejamento estratégico na Administração Pública: enfoque em instituições/setores atuantes em educação, esporte e lazer.";"2";"CONCLUÍDA";"PRODUTO";"RELATÓRIO TÉCNICO";"2016";"2016-05-03";"2016-07-30";"DEPARTAMENTO DE CIÊNCIAS ADMINISTRATIVAS";"INTERNO";"TECNOLOGIA E PRODUÇÃO";"Ciências Sociais Aplicadas";"2";"21";"0";
"RELATÓRIO DE CONSULTORIA: PLANEJAMENTO ESTRATÉGICO SITUACIONAL: APLICAÇÃO AO CMEI  CENTRO MUNICIPAL DE EDUCAÇÃO INFANTIL PROFESSORA MARIA SALETE ALVES BILA";"Consultoria em planejamento estratégico na Administração Pública: enfoque em instituições/setores atuantes em educação, esporte e lazer.";"2";"CONCLUÍDA";"PRODUTO";"RELATÓRIO TÉCNICO";"2016";"2016-05-03";"2016-07-30";"DEPARTAMENTO DE CIÊNCIAS ADMINISTRATIVAS";"INTERNO";"TECNOLOGIA E PRODUÇÃO";"Ciências Sociais Aplicadas";"2";"21";"0";
"RELATÓRIO DE PESQUISA: A IMPORTÂNCIA DE DESENVOLVER UM PLANEJAMENTO ESTRATÉGICO PARA AS ESCOLAS PÚBLICAS: UM ESTUDO DE CASO";"Consultoria sobre planejamento e outras ferramentas de gestão estratégica na Administração Pública";"2";"CONCLUÍDA";"PRODUTO";"RELATÓRIO TÉCNICO";"2015";"2015-09-02";"2015-12-03";"DEPARTAMENTO DE CIÊNCIAS ADMINISTRATIVAS";"INTERNO";"TECNOLOGIA E PRODUÇÃO";"Ciências Sociais Aplicadas";"4";"15";"0";
"Relatório de Pesquisa: A importância do planejamento participativo na gestão escolar municipal";"Consultoria em planejamento estratégico na Administração Pública: enfoque em instituições/setores atuantes em educação, esporte e lazer";"2";"CONCLUÍDA";"PRODUTO";"RELATÓRIO TÉCNICO";"2016";"2016-04-04";"2016-07-30";"DEPARTAMENTO DE CIÊNCIAS ADMINISTRATIVAS";"INTERNO";"TECNOLOGIA E PRODUÇÃO";"Ciências Sociais Aplicadas";"3";"21";"0";
"RELATÓRIO DE VISITA TÉCNICA À COOPERATIVA DOS PRODUTORES DE CANUDOS - COPEC";"";"1";"CONCLUÍDA";"PRODUTO";"RELATÓRIO TÉCNICO";"2011";"2011-04-01";"2011-05-31";"DEPARTAMENTO DE CIÊNCIAS CONTÁBEIS";"INTERNO";"TRABALHO";"Ciências Sociais Aplicadas";"5";"100";"0";
"RELATÓRIO DO PROGRAMA TRILHAS POTIGUARES - EDIÇÃO 2011 - MUNICÍPIO DE TENENTE LAURENTINO CRUZ";"";"1";"CONCLUÍDA";"PRODUTO";"RELATÓRIO TÉCNICO";"2011";"2011-07-24";"2011-07-31";"PRÓ-REITORIA DE EXTENSÃO UNIVERSITÁRIA";"INTERNO";"EDUCAÇÃO";"Outra";"17";"3000";"0";
"RELATÓRIO FINAL DAS ATIVIDADES DESENVOLVIDAS NA XVII CIENTEC 2011";"";"1";"CONCLUÍDA";"PRODUTO";"RELATÓRIO TÉCNICO";"2011";"2011-10-01";"2011-10-31";"DEPARTAMENTO DE CIÊNCIAS CONTÁBEIS";"INTERNO";"TRABALHO";"Ciências Sociais Aplicadas";"9";"400";"0";
"RELATÓRIO TÉCNICO
PLANEJAMENTO ESTRATÉGICO SITUACIONAL: APLICAÇÃO A ESCOLA ESTADUAL INSTITUTO ARY PARREIRAS";"Planejamento Estratégico Situacional na Administração Pública: enfoque em escolas pública, 3° edição.";"2";"CONCLUÍDA";"PRODUTO";"RELATÓRIO TÉCNICO";"2016";"2016-10-03";"2016-12-02";"DEPARTAMENTO DE CIÊNCIAS ADMINISTRATIVAS";"INTERNO";"TECNOLOGIA E PRODUÇÃO";"Ciências Sociais Aplicadas";"6";"13";"0";
"Representações fotográficas sobre o belo e o feio do ambiente hospitalar, sob a ótica da criança, seus familiares, profissionais e estudantes de área de saúde";"";"50";"CONCLUÍDA";"PRODUTO";"PRODUTO AUDIOVISUAL - DVD";"2010";"2009-02-01";"2010-12-20";"DEPARTAMENTO DE PEDIATRIA";"INTERNO";"SAÚDE";"Ciências da Saúde";"6";"100";"0";
"REPRODUÇAO DE DVDS PARA INCLUIR NO LIVRO HORTO DE AUTA DE SOUZA";"";"500";"CONCLUÍDA";"PRODUTO";"PRODUTO AUDIOVISUAL - DVD";"2009";"2009-03-24";"2009-03-31";"DEPARTAMENTO DE CIÊNCIAS SOCIAIS";"INTERNO";"CULTURA";"Ciências Humanas";"0";"5000";"0";
"Responsabilidade social em foco";"Mostra Virtual sobre Responsabilidade Social Corporativa";"50";"CONCLUÍDA";"PRODUTO";"PRODUTO AUDIOVISUAL - VÍDEO";"2016";"2016-06-06";"2016-06-10";"DEPARTAMENTO DE CIÊNCIAS CONTÁBEIS";"INTERNO";"MEIO AMBIENTE";"Ciências Sociais Aplicadas";"10";"30";"0";
"Reutilização de água no processo de lavagem de carros";"";"1";"EM EXECUÇÃO";"PRODUTO";"OUTROS";"2017";"2017-09-01";"2017-12-31";"CERES - DEPTO CIÊNCIAS EXATAS E APLICADAS";"INTERNO";"MEIO AMBIENTE";"Outra";"3";"100";"1";
"Revista Ambiente Contábil";"";"0";"CONCLUÍDA";"PRODUTO";"REVISTA";"2010";"2010-01-14";"2010-02-26";"DEPARTAMENTO DE CIÊNCIAS CONTÁBEIS";"INTERNO";"COMUNICAÇÃO";"Ciências Sociais Aplicadas";"0";"1000";"0";
"REVISTA AMBIENTE CONTÁBIL";"";"1000";"CONCLUÍDA";"PRODUTO";"REVISTA";"2008";"2008-08-01";"2009-12-31";"PROGRAMA DE PÓS-GRADUAÇÃO EM CIÊNCIAS CONTÁBEIS";"INTERNO";"TRABALHO";"Ciências Sociais Aplicadas";"4";"5000";"0";
"Revista Bula+ ";"";"1000";"CONCLUÍDA";"PRODUTO";"REVISTA";"2008";"2008-05-20";"2008-09-20";"DEPARTAMENTO DE ARTES";"INTERNO";"CULTURA";"Lingüística, Letras e Artes";"4";"1000";"0";
"Revista Eletrônica Direito E-nergia";"";"300";"CONCLUÍDA";"PRODUTO";"REVISTA";"2010";"2010-01-01";"2010-12-31";"DEPARTAMENTO DE DIREITO PUBLICO";"INTERNO";"TECNOLOGIA E PRODUÇÃO";"Ciências Sociais Aplicadas";"23";"100";"0";
"Revista Jurídica In Verbis
";"";"500";"CONCLUÍDA";"PRODUTO";"REVISTA";"2008";"2009-03-21";"2010-03-26";"DEPARTAMENTO DE DIREITO PUBLICO";"INTERNO";"COMUNICAÇÃO";"Ciências Sociais Aplicadas";"9";"500";"0";
"Revista Jurídica In Verbis - Edição 41";"";"600";"CONCLUÍDA";"PRODUTO";"REVISTA";"2017";"2016-11-04";"2017-05-24";"DEPARTAMENTO DE DIREITO PRIVADO";"INTERNO";"DIREITOS HUMANOS E JUSTIÇA";"Ciências Sociais Aplicadas";"11";"350";"0";
"Roteiros Complementares em Cardiologia";"";"100";"CONCLUÍDA";"PRODUTO";"MANUAL";"2011";"2011-08-08";"2011-12-22";"DEPARTAMENTO DE MEDICINA INTEGRADA";"INTERNO";"SAÚDE";"Ciências da Saúde";"1";"100";"0";
"Roteiro simplificado para elaboração do Trabalho de Conclusão de Curso - TCC";"";"50";"CONCLUÍDA";"PRODUTO";"CARTILHA";"2011";"2011-01-03";"2011-04-29";"DEPARTAMENTO DE ENFERMAGEM";"INTERNO";"EDUCAÇÃO";"Ciências da Saúde";"5";"50";"0";
"Saberes - Revista Interdisciplinar Filosofia e Educação";"";"0";"CONCLUÍDA";"PRODUTO";"REVISTA";"2009";"2009-02-02";"2010-02-02";"DEPARTAMENTO DE FILOSOFIA";"INTERNO";"EDUCAÇÃO";"Ciências Humanas";"0";"200";"0";
"Série Sociedade, Direito e Desenvolvimento";"Base de Pesquisa Direito e Desenvolvimento";"150";"CONCLUÍDA";"PRODUTO";"LIVRO";"2015";"2015-02-06";"2015-12-31";"DEPARTAMENTO DE DIREITO PUBLICO";"INTERNO";"DIREITOS HUMANOS E JUSTIÇA";"Ciências Sociais Aplicadas";"2";"100";"0";
"Sétima Edição da Revista FIDES";"Revista Eletrônica FIDES";"1";"CONCLUÍDA";"PRODUTO";"REVISTA";"2013";"2013-05-10";"2013-05-10";"DEPARTAMENTO DE DIREITO PUBLICO";"INTERNO";"DIREITOS HUMANOS E JUSTIÇA";"Ciências Sociais Aplicadas";"22";"100";"0";
"SÍNDROMES GENÉTICAS- GUIA PRÁTICO";"";"5";"CONCLUÍDA";"PRODUTO";"MANUAL";"2013";"2013-02-04";"2013-12-06";"DEPARTAMENTO DE PEDIATRIA";"INTERNO";"SAÚDE";"Ciências da Saúde";"5";"300";"0";
"Sistema Gerenciador de Eventos Acadêmicos";"";"1";"CONCLUÍDA";"PRODUTO";"APLICATIVO PARA COMPUTADOR";"2011";"2011-04-05";"2011-11-30";"CERES - COORDENAÇÃO DO CURSO DE SISTEMAS DE INFORMAÇÃO";"INTERNO";"TECNOLOGIA E PRODUÇÃO";"Ciências Exatas e da Terra";"5";"1000";"0";
"Site IX Semana de Estudos Históricos do CERES";"";"1";"CONCLUÍDA";"PRODUTO";"OUTROS";"2010";"2010-09-01";"2010-11-01";"CERES - DEPTO CIÊNCIAS EXATAS E APLICADAS";"INTERNO";"TECNOLOGIA E PRODUÇÃO";"Ciências Exatas e da Terra";"2";"300";"0";
"Site para a I Jornada de Atualização Tecnológica do Curso de Bacharelado em Sistemas de Informação";"";"1";"CONCLUÍDA";"PRODUTO";"OUTROS";"2011";"2011-04-05";"2011-11-30";"CERES - DEPTO CIÊNCIAS EXATAS E APLICADAS";"INTERNO";"TECNOLOGIA E PRODUÇÃO";"Ciências Exatas e da Terra";"3";"250";"0";
"Site para o III Seminário de Ensino, Pesquisa e Extensão do CERES (SEPE 2011)";"";"1";"CONCLUÍDA";"PRODUTO";"OUTROS";"2011";"2011-04-05";"2011-11-30";"CERES - COORDENAÇÃO DO CURSO DE SISTEMAS DE INFORMAÇÃO";"INTERNO";"TECNOLOGIA E PRODUÇÃO";"Ciências Exatas e da Terra";"6";"1000";"0";
"Site Web da Secretaria Municipal da Criança e do Adolescente";"";"1";"CONCLUÍDA";"PRODUTO";"OUTROS";"2013";"2013-05-06";"2013-07-22";"CERES - DEPTO CIÊNCIAS EXATAS E APLICADAS";"INTERNO";"TECNOLOGIA E PRODUÇÃO";"Engenharias";"1";"1";"0";
"Software de Apoio e Gerência do II Seminário de Ensino, Pesquisa e Extensão";"";"1";"CONCLUÍDA";"PRODUTO";"APLICATIVO PARA COMPUTADOR";"2010";"2010-02-15";"2010-10-29";"CERES - DEPTO CIÊNCIAS EXATAS E APLICADAS";"INTERNO";"TECNOLOGIA E PRODUÇÃO";"Ciências Exatas e da Terra";"3";"1000";"0";
"Software livre para celular Android para cálculos financeiros.";"";"2000";"CONCLUÍDA";"PRODUTO";"OUTROS";"2012";"2012-03-01";"2012-06-27";"CERES - DEPTO CIÊNCIAS EXATAS E APLICADAS";"INTERNO";"TECNOLOGIA E PRODUÇÃO";"Ciências Exatas e da Terra";"1";"2000";"0";
"SORRISO BONITO, CRIANÇA FELIZ, Conselhos para preservar a saúde";"Projeto de Extensão Ateliê do Sorriso";"500";"CONCLUÍDA";"PRODUTO";"CARTILHA";"2013";"2013-04-29";"2013-04-30";"DEPARTAMENTO DE ODONTOLOGIA";"INTERNO";"EDUCAÇÃO";"Ciências da Saúde";"0";"20";"0";
"Sorriso Colorido de A à Z";"Projeto de Extensão Ateliê do Sorriso";"500";"CONCLUÍDA";"PRODUTO";"CARTILHA";"2013";"2013-03-21";"2013-05-06";"DEPARTAMENTO DE ODONTOLOGIA";"INTERNO";"EDUCAÇÃO";"Ciências da Saúde";"0";"40";"0";
"SUPER JOGO";"";"1";"CONCLUÍDA";"PRODUTO";"PRODUTO AUDIOVISUAL - VÍDEO";"2009";"2009-04-05";"2009-07-09";"DEPARTAMENTO DE COMUNICAÇÃO SOCIAL";"INTERNO";"COMUNICAÇÃO";"Ciências Sociais Aplicadas";"5";"1000";"0";
"Suporte à melhoria no ensino médio da rede estadual: Vídeo de divulgação";"Suporte à melhoria no ensino médio da rede estadual";"1";"EM EXECUÇÃO";"PRODUTO";"PRODUTO AUDIOVISUAL - VÍDEO";"2017";"2017-09-01";"2017-12-31";"ESCOLA DE CIÊNCIAS E TECNOLOGIA";"INTERNO";"EDUCAÇÃO";"Ciências Exatas e da Terra";"1";"10";"1";
"Tecer e Aprender: a vídeo aula no ensino de Geografia";"Vídeo-aula";"20";"CONCLUÍDA";"PRODUTO";"PRODUTO AUDIOVISUAL - OUTROS";"2014";"2014-08-04";"2015-08-31";"DEPARTAMENTO DE GEOGRAFIA/CCHLA";"INTERNO";"EDUCAÇÃO";"Ciências Humanas";"0";"300";"0";
"Transformação em artigo da monografia da aluna do curso de Ciências Contábeis da UFRN SHAUARA SHAYANNY DE QUEIROZ PESSOA RIBEIRO, defendida e aprovada em dezembro de 2011, que tem o seguinte tema: ANÁLISE DA ARRECADAÇÃO TRIBUTÁRIA APÓS A IMPLANTAÇÃO DO SISTEMA PÚBLICO DE ESCRITURAÇÃO DIGITAL (SPED): ENFOQUE NA ESCRITURAÇÃO CONTÁBIL DIGITAL (ECD) E NOTA FISCAL ELETRÔNICA (NF-e)";"";"4";"CONCLUÍDA";"PRODUTO";"ARTIGO";"2012";"2012-02-06";"2012-02-18";"DEPARTAMENTO DE CIÊNCIAS CONTÁBEIS";"INTERNO";"TRABALHO";"Ciências Sociais Aplicadas";"1";"4";"0";
"Trilhando Lagoa Nova";"Trilhas Potiguares";"1";"EM EXECUÇÃO";"PRODUTO";"PRODUTO AUDIOVISUAL - VÍDEO";"2017";"2017-09-01";"2017-12-31";"DIRETORIA DE AÇÕES EDUCACIONAIS";"INTERNO";"CULTURA";"Outra";"0";"13";"2";
"Tuberculose na escola: Conhecer, Tratar, Curar.";"";"20";"EM EXECUÇÃO";"PRODUTO";"PRODUTO AUDIOVISUAL - VÍDEO";"2017";"2017-09-01";"2017-12-31";"DEPARTAMENTO DE MICROBIOLOGIA E PARASITOLOGIA";"INTERNO";"SAÚDE";"Ciências da Saúde";"4";"40";"1";
"Tutoriais online do programa Sadeprev";"Desenvolvendo a gestão de RPPS: um programa para auxílio dos gestores de previdência de servidores públicos";"100";"CONCLUÍDA";"PRODUTO";"PRODUTO AUDIOVISUAL - VÍDEO";"2016";"2016-10-01";"2016-12-31";"DEPARTAMENTO DE DEMOGRAFIA E CIENCIAS ATUARIAIS";"INTERNO";"TRABALHO";"Ciências Sociais Aplicadas";"2";"160";"0";
"TVU Esporte";"";"0";"CONCLUÍDA";"PRODUTO";"PROGRAMA DE TV";"2011";"2011-07-04";"2012-07-02";"COORDENAÇÃO DO CURSO DE CIÊNCIAS SOCIAIS - LICENCIATURA";"INTERNO";"COMUNICAÇÃO";"Ciências Sociais Aplicadas";"2";"50000";"0";
"UFRN: The Video Game, um MMORPG sobre a UFRN para massificação das áreas de conhecimento";"Vídeo";"1";"EM EXECUÇÃO";"PRODUTO";"PRODUTO AUDIOVISUAL - VÍDEO";"2017";"2017-09-01";"2017-12-31";"INSTITUTO METROPOLE DIGITAL";"INTERNO";"TECNOLOGIA E PRODUÇÃO";"Ciências Exatas e da Terra";"3";"20000";"2";
"Uma análise da produção científica da área de contabilidade governamental nos periódicos que utilizam o SEER e o   SciELO.  ";"";"100";"CONCLUÍDA";"PRODUTO";"ARTIGO";"2012";"2012-07-01";"2012-07-25";"DEPARTAMENTO DE CIÊNCIAS CONTÁBEIS";"INTERNO";"EDUCAÇÃO";"Ciências Sociais Aplicadas";"1";"100";"0";
"Uma análise sobre o encaminhamento das contas dos municípios do Estado do Rio Grande do Norte no ano de 2008.";"";"100";"CONCLUÍDA";"PRODUTO";"ARTIGO";"2012";"2012-01-02";"2012-01-31";"DEPARTAMENTO DE CIÊNCIAS CONTÁBEIS";"INTERNO";"COMUNICAÇÃO";"Ciências Sociais Aplicadas";"1";"100";"0";
"Uma avaliação das práticas de governança eletrônica das capitais brasileiras.";"";"100";"CONCLUÍDA";"PRODUTO";"ARTIGO";"2012";"2012-07-01";"2012-07-25";"DEPARTAMENTO DE CIÊNCIAS CONTÁBEIS";"INTERNO";"EDUCAÇÃO";"Ciências Sociais Aplicadas";"2";"100";"0";
"UMA FENOMENOLOGIA DO CORPO";"";"300";"CONCLUÍDA";"PRODUTO";"LIVRO";"2009";"2009-01-29";"2009-02-20";"DEPARTAMENTO DE EDUCAÇÃO FÍSICA";"INTERNO";"EDUCAÇÃO";"Ciências Humanas";"0";"300";"0";
"UMA PROPOSTA DE FUNDAMENTAÇÃO PEDAGÓGICA PARA O PROGRAMA NACIONAL DE EDUCAÇÃO FISCAL";"";"1";"CONCLUÍDA";"PRODUTO";"ARTIGO";"2010";"2010-08-01";"2011-12-31";"DEPARTAMENTO DE CIÊNCIAS CONTÁBEIS";"INTERNO";"EDUCAÇÃO";"Ciências Sociais Aplicadas";"0";"500";"0";
"Um Curso de Matemática Básica";"";"500";"CONCLUÍDA";"PRODUTO";"LIVRO";"2010";"2010-01-01";"2010-12-31";"DEPARTAMENTO DE MATEMÁTICA";"INTERNO";"EDUCAÇÃO";"Ciências Exatas e da Terra";"2";"500";"1";
"VÍDEO: ATENDIMENTO FISIOTERAPÊUTICO PARA INDIVÍDUOS COM DOENÇA DE PARKINSON";"ATENDIMENTO FISIOTERAPÊUTICO PARA INDIVÍDUOS COM DOENÇA DE PARKINSON";"1";"EM EXECUÇÃO";"PRODUTO";"PRODUTO AUDIOVISUAL - VÍDEO";"2017";"2017-09-01";"2017-12-31";"DEPARTAMENTO DE FISIOTERAPIA";"INTERNO";"SAÚDE";"Ciências da Saúde";"0";"7";"1";
"VÍDEO-AULA: COMEÇANDO A SOLAR";"";"10";"CONCLUÍDA";"PRODUTO";"PRODUTO AUDIOVISUAL - VÍDEO";"2010";"2010-04-01";"2010-04-30";"ESCOLA DE MÚSICA";"INTERNO";"CULTURA";"Lingüística, Letras e Artes";"2";"1000";"0";
"Vídeo de Divulgação Científica: Cientista Explica Mudança no Código Florestal (Partes I e II)";"";"3000";"CONCLUÍDA";"PRODUTO";"PRODUTO AUDIOVISUAL - VÍDEO";"2011";"2011-07-04";"2013-07-04";"DEPARTAMENTO DE BOTÂNICA E ZOOLOGIA";"INTERNO";"MEIO AMBIENTE";"Ciências Biológicas";"1";"1000";"0";
"Vídeo didático sobre a temática das ações desenvolvidas no projeto de extensão "Robótica como Agente Incentivador da Vocação Científica e Tecnológica de Jovens Mulheres";"Robótica como Agente Incentivador da Vocação Científica e Tecnológica de Jovens Mulheres";"1";"EM EXECUÇÃO";"PRODUTO";"PRODUTO AUDIOVISUAL - VÍDEO";"2017";"2017-09-01";"2017-12-31";"DEPARTAMENTO DE ENGENHARIA DE COMPUTACAO E AUTOMACAO";"INTERNO";"EDUCAÇÃO";"Engenharias";"4";"3";"2";
"Vídeo: "Eu me amo, eu me cuido" : prevenindo o câncer de mama e colo de útero.";"ENVENTO DE EXTENSÃO: EU ME AMO, EU ME CUIDO: PREVENINDO O CÂNCER DE MAMA E COLO DE ÚTERO NATAL-RN 2015";"1";"CONCLUÍDA";"PRODUTO";"PRODUTO AUDIOVISUAL - VÍDEO";"2015";"2015-12-16";"2015-12-23";"DEPARTAMENTO DE SAÚDE COLETIVA";"INTERNO";"SAÚDE";"Ciências da Saúde";"14";"560";"0";
"Vídeo: Vivências do grupo tutorial da POTI na Unidade de Saúde da Família de Santarém em 2015.2";"";"1";"CONCLUÍDA";"PRODUTO";"PRODUTO AUDIOVISUAL - VÍDEO";"2015";"2015-12-16";"2015-12-16";"DEPARTAMENTO DE SAÚDE COLETIVA";"INTERNO";"SAÚDE";"Ciências da Saúde";"8";"142";"0";
"VISÕES DA FRONTEIRA TROPICAL. O REFORMISMO IBÉRICO EM PERSPECTIVA COMPARADA: O PROCESSO  DE CONTRUÇÃO DA FRONTEIRA AMAZÔNICA, 1750-1850";"";"1000";"CONCLUÍDA";"PRODUTO";"LIVRO";"2008";"2008-04-03";"2008-08-03";"DEPARTAMENTO DE HISTÓRIA";"INTERNO";"EDUCAÇÃO";"Ciências Humanas";"0";"1000";"0";
"Vivendo Idosos";"Atenção à saúde bucal de pessoas idosas residentes no município de Natal-RN";"1";"EM EXECUÇÃO";"PRODUTO";"PRODUTO AUDIOVISUAL - VÍDEO";"2017";"2017-09-01";"2017-12-31";"DEPARTAMENTO DE ODONTOLOGIA";"INTERNO";"SAÚDE";"Ciências da Saúde";"11";"40";"1";
"Website do Curso de Bacharelado em Sistemas de Informação da UFRN";"";"1";"CONCLUÍDA";"PRODUTO";"OUTROS";"2009";"2009-08-10";"2009-12-16";"CERES - DEPTO CIÊNCIAS EXATAS E APLICADAS";"INTERNO";"TECNOLOGIA E PRODUÇÃO";"Ciências Exatas e da Terra";"1";"200";"0";
"WEBSITE DO CURSO DE LICENCIATURA EM MATEMÁTICA DO CERES.";"";"1";"CONCLUÍDA";"PRODUTO";"OUTROS";"2010";"2010-02-22";"2010-12-31";"CERES - DEPTO CIÊNCIAS EXATAS E APLICADAS";"INTERNO";"TECNOLOGIA E PRODUÇÃO";"Ciências Exatas e da Terra";"3";"250";"0";
"Xote da visita domiciliar no combate a Zika, Dengue e Chikungunya (paródia da canção Xote dos Milagres)";"";"1";"CONCLUÍDA";"PRODUTO";"PRODUTO ARTÍSTICO";"2016";"2016-03-30";"2016-04-12";"DEPARTAMENTO DE SAÚDE COLETIVA";"INTERNO";"SAÚDE";"Ciências da Saúde";"10";"500";"0";
"XXVI Revista Jurídica In Verbis";"";"450";"CONCLUÍDA";"PRODUTO";"REVISTA";"2009";"2009-05-09";"2009-09-25";"DEPARTAMENTO DE DIREITO PRIVADO";"INTERNO";"DIREITOS HUMANOS E JUSTIÇA";"Ciências Humanas";"9";"1500";"0";
"XXV Revista Jurídica In Verbis";"";"450";"CONCLUÍDA";"PRODUTO";"REVISTA";"2009";"2008-10-13";"2009-05-08";"DEPARTAMENTO DE DIREITO PRIVADO";"INTERNO";"DIREITOS HUMANOS E JUSTIÇA";"Ciências Humanas";"9";"1500";"0";
